Fixture ID,Claim ID,Answer ID,Eval ID,Gold Label,Evidence Parcel Count
CVD-SYN-ACT-FIX-0001,V3-01-001,SYN-A001-Q001,Q001,supported,1
CVD-SYN-ACT-FIX-0002,V3-01-002,SYN-A001-Q001,Q001,unsupported,1
CVD-SYN-ACT-FIX-0003,V3-01-003,SYN-A001-Q001,Q001,supported,1
CVD-SYN-ACT-FIX-0004,V3-01-004,SYN-A001-Q001,Q001,supported,1
CVD-SYN-ACT-FIX-0005,V3-01-005,SYN-A001-Q001,Q001,supported,1
CVD-SYN-ACT-FIX-0006,V3-01-006,SYN-A001-Q001,Q001,supported,1
CVD-SYN-ACT-FIX-0007,V3-01-007,SYN-A001-Q001,Q001,supported,1
CVD-SYN-ACT-FIX-0008,V3-01-008,SYN-A001-Q001,Q001,supported,1
CVD-SYN-ACT-FIX-0009,V3-01-009,SYN-A001-Q001,Q001,supported,1
CVD-SYN-ACT-FIX-0010,V3-01-010,SYN-A001-Q001,Q001,supported,1
CVD-SYN-ACT-FIX-0011,V3-01-011,SYN-A001-Q001,Q001,supported,1
CVD-SYN-ACT-FIX-0012,V3-01-012,SYN-A001-Q001,Q001,supported,1
CVD-SYN-ACT-FIX-0013,V3-01-013,SYN-A001-Q001,Q001,supported,1
CVD-SYN-ACT-FIX-0014,V3-01-014,SYN-A001-Q001,Q001,supported,1
CVD-SYN-ACT-FIX-0015,V3-01-015,SYN-A001-Q001,Q001,supported,1
CVD-SYN-ACT-FIX-0016,V3-01-016,SYN-A001-Q001,Q001,supported,1
CVD-SYN-ACT-FIX-0017,V3-03-001,SYN-A003-Q003,Q003,supported,47
CVD-SYN-ACT-FIX-0018,V3-03-002,SYN-A003-Q003,Q003,supported,1
CVD-SYN-ACT-FIX-0019,V3-03-003,SYN-A003-Q003,Q003,supported,1
CVD-SYN-ACT-FIX-0020,V3-03-004,SYN-A003-Q003,Q003,supported,1
CVD-SYN-ACT-FIX-0021,V3-03-005,SYN-A003-Q003,Q003,supported,1
CVD-SYN-ACT-FIX-0022,V3-03-006,SYN-A003-Q003,Q003,supported,1
CVD-SYN-ACT-FIX-0023,V3-03-007,SYN-A003-Q003,Q003,supported,1
CVD-SYN-ACT-FIX-0024,V3-03-008,SYN-A003-Q003,Q003,supported,1
CVD-SYN-ACT-FIX-0025,V3-03-009,SYN-A003-Q003,Q003,supported,1
CVD-SYN-ACT-FIX-0026,V3-03-010,SYN-A003-Q003,Q003,supported,1
CVD-SYN-ACT-FIX-0027,V3-03-011,SYN-A003-Q003,Q003,supported,1
CVD-SYN-ACT-FIX-0028,V3-03-012,SYN-A003-Q003,Q003,supported,1
CVD-SYN-ACT-FIX-0029,V3-03-013,SYN-A003-Q003,Q003,supported,1
CVD-SYN-ACT-FIX-0030,V3-03-014,SYN-A003-Q003,Q003,supported,1
CVD-SYN-ACT-FIX-0031,V3-03-015,SYN-A003-Q003,Q003,supported,1
CVD-SYN-ACT-FIX-0032,V3-03-016,SYN-A003-Q003,Q003,supported,1
CVD-SYN-ACT-FIX-0033,V3-03-017,SYN-A003-Q003,Q003,supported,1
CVD-SYN-ACT-FIX-0034,V3-03-018,SYN-A003-Q003,Q003,supported,1
CVD-SYN-ACT-FIX-0035,V3-03-019,SYN-A003-Q003,Q003,supported,1
CVD-SYN-ACT-FIX-0036,V3-03-020,SYN-A003-Q003,Q003,supported,1
CVD-SYN-ACT-FIX-0037,V3-03-021,SYN-A003-Q003,Q003,supported,1
CVD-SYN-ACT-FIX-0038,V3-03-022,SYN-A003-Q003,Q003,supported,1
CVD-SYN-ACT-FIX-0039,V3-03-023,SYN-A003-Q003,Q003,supported,1
CVD-SYN-ACT-FIX-0040,V3-03-024,SYN-A003-Q003,Q003,supported,1
CVD-SYN-ACT-FIX-0041,V3-03-025,SYN-A003-Q003,Q003,supported,1
CVD-SYN-ACT-FIX-0042,V3-03-026,SYN-A003-Q003,Q003,supported,1
CVD-SYN-ACT-FIX-0043,V3-03-027,SYN-A003-Q003,Q003,supported,1
CVD-SYN-ACT-FIX-0044,V3-03-028,SYN-A003-Q003,Q003,supported,1
CVD-SYN-ACT-FIX-0045,V3-03-029,SYN-A003-Q003,Q003,supported,1
CVD-SYN-ACT-FIX-0046,V3-03-030,SYN-A003-Q003,Q003,supported,1
CVD-SYN-ACT-FIX-0047,V3-03-031,SYN-A003-Q003,Q003,supported,1
CVD-SYN-ACT-FIX-0048,V3-03-032,SYN-A003-Q003,Q003,supported,1
CVD-SYN-ACT-FIX-0049,V3-03-033,SYN-A003-Q003,Q003,supported,1
CVD-SYN-ACT-FIX-0050,V3-03-034,SYN-A003-Q003,Q003,supported,1
CVD-SYN-ACT-FIX-0051,V3-03-035,SYN-A003-Q003,Q003,supported,1
CVD-SYN-ACT-FIX-0052,V3-03-036,SYN-A003-Q003,Q003,supported,1
CVD-SYN-ACT-FIX-0053,V3-03-037,SYN-A003-Q003,Q003,supported,1
CVD-SYN-ACT-FIX-0054,V3-03-038,SYN-A003-Q003,Q003,supported,1
CVD-SYN-ACT-FIX-0055,V3-03-039,SYN-A003-Q003,Q003,supported,1
CVD-SYN-ACT-FIX-0056,V3-03-040,SYN-A003-Q003,Q003,supported,1
CVD-SYN-ACT-FIX-0057,V3-03-041,SYN-A003-Q003,Q003,supported,1
CVD-SYN-ACT-FIX-0058,V3-03-042,SYN-A003-Q003,Q003,supported,1
CVD-SYN-ACT-FIX-0059,V3-03-043,SYN-A003-Q003,Q003,supported,1
CVD-SYN-ACT-FIX-0060,V3-03-044,SYN-A003-Q003,Q003,supported,1
CVD-SYN-ACT-FIX-0061,V3-03-045,SYN-A003-Q003,Q003,supported,1
CVD-SYN-ACT-FIX-0062,V3-03-046,SYN-A003-Q003,Q003,supported,1
CVD-SYN-ACT-FIX-0063,V3-03-047,SYN-A003-Q003,Q003,supported,1
CVD-SYN-ACT-FIX-0064,V3-03-048,SYN-A003-Q003,Q003,supported,1
CVD-SYN-ACT-FIX-0065,V3-03-049,SYN-A003-Q003,Q003,supported,2
CVD-SYN-ACT-FIX-0066,V3-03-050,SYN-A003-Q003,Q003,supported,12
CVD-SYN-ACT-FIX-0067,V3-03-051,SYN-A003-Q003,Q003,supported,4
CVD-SYN-ACT-FIX-0068,V3-03-052,SYN-A003-Q003,Q003,supported,2
CVD-SYN-ACT-FIX-0069,V3-03-053,SYN-A003-Q003,Q003,supported,47
CVD-SYN-ACT-FIX-0070,V3-03-054,SYN-A003-Q003,Q003,supported,3
CVD-SYN-ACT-FIX-0071,V3-03-055,SYN-A003-Q003,Q003,supported,47
CVD-SYN-ACT-FIX-0072,V3-03-056,SYN-A003-Q003,Q003,supported,2
CVD-SYN-ACT-FIX-0073,V3-03-057,SYN-A003-Q003,Q003,supported,2
CVD-SYN-ACT-FIX-0074,V3-03-058,SYN-A003-Q003,Q003,supported,3
CVD-SYN-ACT-FIX-0075,V3-03-059,SYN-A003-Q003,Q003,supported,47
CVD-SYN-ACT-FIX-0076,V3-03-060,SYN-A003-Q003,Q003,supported,1
CVD-SYN-ACT-FIX-0077,V3-03-061,SYN-A003-Q003,Q003,supported,47
CVD-SYN-ACT-FIX-0078,V3-03-062,SYN-A003-Q003,Q003,supported,47
CVD-SYN-ACT-FIX-0079,V3-03-063,SYN-A003-Q003,Q003,supported,47
CVD-SYN-ACT-FIX-0080,V3-04-001,SYN-A004-Q004,Q004,supported,9
CVD-SYN-ACT-FIX-0081,V3-04-002,SYN-A004-Q004,Q004,supported,2
CVD-SYN-ACT-FIX-0082,V3-04-003,SYN-A004-Q004,Q004,supported,1
CVD-SYN-ACT-FIX-0083,V3-04-004,SYN-A004-Q004,Q004,supported,1
CVD-SYN-ACT-FIX-0084,V3-04-005,SYN-A004-Q004,Q004,supported,1
CVD-SYN-ACT-FIX-0085,V3-04-006,SYN-A004-Q004,Q004,supported,2
CVD-SYN-ACT-FIX-0086,V3-04-007,SYN-A004-Q004,Q004,supported,9
CVD-SYN-ACT-FIX-0087,V3-04-008,SYN-A004-Q004,Q004,supported,9
CVD-SYN-ACT-FIX-0088,V3-04-009,SYN-A004-Q004,Q004,supported,1
CVD-SYN-ACT-FIX-0089,V3-04-010,SYN-A004-Q004,Q004,supported,1
CVD-SYN-ACT-FIX-0090,V3-04-011,SYN-A004-Q004,Q004,supported,1
CVD-SYN-ACT-FIX-0091,V3-04-012,SYN-A004-Q004,Q004,supported,1
CVD-SYN-ACT-FIX-0092,V3-04-013,SYN-A004-Q004,Q004,supported,9
CVD-SYN-ACT-FIX-0093,V3-04-014,SYN-A004-Q004,Q004,supported,9
CVD-SYN-ACT-FIX-0094,V3-04-015,SYN-A004-Q004,Q004,supported,1
CVD-SYN-ACT-FIX-0095,V3-04-016,SYN-A004-Q004,Q004,supported,1
CVD-SYN-ACT-FIX-0096,V3-04-017,SYN-A004-Q004,Q004,supported,1
CVD-SYN-ACT-FIX-0097,V3-04-018,SYN-A004-Q004,Q004,supported,1
CVD-SYN-ACT-FIX-0098,V3-04-019,SYN-A004-Q004,Q004,supported,1
CVD-SYN-ACT-FIX-0099,V3-04-020,SYN-A004-Q004,Q004,supported,1
CVD-SYN-ACT-FIX-0100,V3-04-021,SYN-A004-Q004,Q004,supported,1
CVD-SYN-ACT-FIX-0101,V3-04-022,SYN-A004-Q004,Q004,supported,1
CVD-SYN-ACT-FIX-0102,V3-04-023,SYN-A004-Q004,Q004,unsupported,4
CVD-SYN-ACT-FIX-0103,V3-04-024,SYN-A004-Q004,Q004,supported,1
CVD-SYN-ACT-FIX-0104,V3-04-025,SYN-A004-Q004,Q004,supported,1
CVD-SYN-ACT-FIX-0105,V3-04-026,SYN-A004-Q004,Q004,supported,1
CVD-SYN-ACT-FIX-0106,V3-04-027,SYN-A004-Q004,Q004,supported,1
CVD-SYN-ACT-FIX-0107,V3-05-001,SYN-A005-Q005,Q005,supported,1
CVD-SYN-ACT-FIX-0108,V3-05-002,SYN-A005-Q005,Q005,supported,6
CVD-SYN-ACT-FIX-0109,V3-05-003,SYN-A005-Q005,Q005,supported,1
CVD-SYN-ACT-FIX-0110,V3-05-004,SYN-A005-Q005,Q005,supported,1
CVD-SYN-ACT-FIX-0111,V3-05-005,SYN-A005-Q005,Q005,supported,1
CVD-SYN-ACT-FIX-0112,V3-05-006,SYN-A005-Q005,Q005,supported,1
CVD-SYN-ACT-FIX-0113,V3-05-007,SYN-A005-Q005,Q005,supported,6
CVD-SYN-ACT-FIX-0114,V3-05-008,SYN-A005-Q005,Q005,supported,1
CVD-SYN-ACT-FIX-0115,V3-05-009,SYN-A005-Q005,Q005,supported,1
CVD-SYN-ACT-FIX-0116,V3-05-010,SYN-A005-Q005,Q005,supported,6
CVD-SYN-ACT-FIX-0117,V3-05-011,SYN-A005-Q005,Q005,supported,1
CVD-SYN-ACT-FIX-0118,V3-06-001,SYN-A006-Q006,Q006,supported,1
CVD-SYN-ACT-FIX-0119,V3-06-002,SYN-A006-Q006,Q006,supported,1
CVD-SYN-ACT-FIX-0120,V3-06-003,SYN-A006-Q006,Q006,supported,1
CVD-SYN-ACT-FIX-0121,V3-06-004,SYN-A006-Q006,Q006,supported,1
CVD-SYN-ACT-FIX-0122,V3-06-005,SYN-A006-Q006,Q006,supported,1
CVD-SYN-ACT-FIX-0123,V3-06-006,SYN-A006-Q006,Q006,supported,1
CVD-SYN-ACT-FIX-0124,V3-06-007,SYN-A006-Q006,Q006,supported,1
CVD-SYN-ACT-FIX-0125,V3-06-008,SYN-A006-Q006,Q006,unsupported,1
CVD-SYN-ACT-FIX-0126,V3-06-009,SYN-A006-Q006,Q006,supported,1
CVD-SYN-ACT-FIX-0127,V3-06-010,SYN-A006-Q006,Q006,supported,1
CVD-SYN-ACT-FIX-0128,V3-07-001,SYN-A007-Q007,Q007,supported,8
CVD-SYN-ACT-FIX-0129,V3-07-002,SYN-A007-Q007,Q007,supported,1
CVD-SYN-ACT-FIX-0130,V3-07-003,SYN-A007-Q007,Q007,supported,1
CVD-SYN-ACT-FIX-0131,V3-07-004,SYN-A007-Q007,Q007,supported,1
CVD-SYN-ACT-FIX-0132,V3-07-005,SYN-A007-Q007,Q007,supported,1
CVD-SYN-ACT-FIX-0133,V3-07-006,SYN-A007-Q007,Q007,supported,1
CVD-SYN-ACT-FIX-0134,V3-07-007,SYN-A007-Q007,Q007,supported,1
CVD-SYN-ACT-FIX-0135,V3-07-008,SYN-A007-Q007,Q007,supported,1
CVD-SYN-ACT-FIX-0136,V3-07-009,SYN-A007-Q007,Q007,supported,1
CVD-SYN-ACT-FIX-0137,V3-07-010,SYN-A007-Q007,Q007,supported,1
CVD-SYN-ACT-FIX-0138,V3-07-011,SYN-A007-Q007,Q007,supported,1
CVD-SYN-ACT-FIX-0139,V3-07-012,SYN-A007-Q007,Q007,supported,2
CVD-SYN-ACT-FIX-0140,V3-08-001,SYN-A008-Q008,Q008,supported,5
CVD-SYN-ACT-FIX-0141,V3-08-002,SYN-A008-Q008,Q008,supported,5
CVD-SYN-ACT-FIX-0142,V3-08-003,SYN-A008-Q008,Q008,supported,5
CVD-SYN-ACT-FIX-0143,V3-08-004,SYN-A008-Q008,Q008,unsupported,1
CVD-SYN-ACT-FIX-0144,V3-08-005,SYN-A008-Q008,Q008,unsupported,1
CVD-SYN-ACT-FIX-0145,V3-08-006,SYN-A008-Q008,Q008,supported,1
CVD-SYN-ACT-FIX-0146,V3-08-007,SYN-A008-Q008,Q008,supported,1
CVD-SYN-ACT-FIX-0147,V3-08-008,SYN-A008-Q008,Q008,supported,1
CVD-SYN-ACT-FIX-0148,V3-08-009,SYN-A008-Q008,Q008,supported,1
CVD-SYN-ACT-FIX-0149,V3-08-010,SYN-A008-Q008,Q008,supported,1
CVD-SYN-ACT-FIX-0150,V3-08-011,SYN-A008-Q008,Q008,supported,1
CVD-SYN-ACT-FIX-0151,V3-08-012,SYN-A008-Q008,Q008,supported,1
CVD-SYN-ACT-FIX-0152,V3-08-013,SYN-A008-Q008,Q008,supported,1
CVD-SYN-ACT-FIX-0153,V3-08-014,SYN-A008-Q008,Q008,supported,1
CVD-SYN-ACT-FIX-0154,V3-08-015,SYN-A008-Q008,Q008,supported,1
CVD-SYN-ACT-FIX-0155,V3-08-016,SYN-A008-Q008,Q008,supported,1
CVD-SYN-ACT-FIX-0156,V3-08-017,SYN-A008-Q008,Q008,supported,1
CVD-SYN-ACT-FIX-0157,V3-08-018,SYN-A008-Q008,Q008,supported,1
CVD-SYN-ACT-FIX-0158,V3-08-019,SYN-A008-Q008,Q008,supported,1
CVD-SYN-ACT-FIX-0159,V3-08-020,SYN-A008-Q008,Q008,supported,1
CVD-SYN-ACT-FIX-0160,V3-08-021,SYN-A008-Q008,Q008,supported,1
CVD-SYN-ACT-FIX-0161,V3-08-022,SYN-A008-Q008,Q008,supported,1
CVD-SYN-ACT-FIX-0162,V3-08-023,SYN-A008-Q008,Q008,supported,1
CVD-SYN-ACT-FIX-0163,V3-08-024,SYN-A008-Q008,Q008,supported,1
CVD-SYN-ACT-FIX-0164,V3-08-025,SYN-A008-Q008,Q008,supported,1
CVD-SYN-ACT-FIX-0165,V3-08-026,SYN-A008-Q008,Q008,supported,5
CVD-SYN-ACT-FIX-0166,V3-08-027,SYN-A008-Q008,Q008,unsupported,3
CVD-SYN-ACT-FIX-0167,V3-08-028,SYN-A008-Q008,Q008,unsupported,1
CVD-SYN-ACT-FIX-0168,V3-09-001,SYN-A009-Q009,Q009,supported,1
CVD-SYN-ACT-FIX-0169,V3-09-002,SYN-A009-Q009,Q009,supported,1
CVD-SYN-ACT-FIX-0170,V3-09-003,SYN-A009-Q009,Q009,supported,1
CVD-SYN-ACT-FIX-0171,V3-09-004,SYN-A009-Q009,Q009,supported,1
CVD-SYN-ACT-FIX-0172,V3-09-005,SYN-A009-Q009,Q009,supported,1
CVD-SYN-ACT-FIX-0173,V3-09-006,SYN-A009-Q009,Q009,supported,1
CVD-SYN-ACT-FIX-0174,V3-09-007,SYN-A009-Q009,Q009,supported,1
CVD-SYN-ACT-FIX-0175,V3-09-008,SYN-A009-Q009,Q009,supported,1
CVD-SYN-ACT-FIX-0176,V3-09-009,SYN-A009-Q009,Q009,supported,1
CVD-SYN-ACT-FIX-0177,V3-09-010,SYN-A009-Q009,Q009,supported,2
CVD-SYN-ACT-FIX-0178,V3-09-011,SYN-A009-Q009,Q009,supported,1
CVD-SYN-ACT-FIX-0179,V3-09-012,SYN-A009-Q009,Q009,supported,1
CVD-SYN-ACT-FIX-0180,V3-09-013,SYN-A009-Q009,Q009,supported,1
CVD-SYN-ACT-FIX-0181,V3-09-014,SYN-A009-Q009,Q009,supported,1
CVD-SYN-ACT-FIX-0182,V3-09-015,SYN-A009-Q009,Q009,supported,1
CVD-SYN-ACT-FIX-0183,V3-09-016,SYN-A009-Q009,Q009,supported,5
CVD-SYN-ACT-FIX-0184,V3-09-017,SYN-A009-Q009,Q009,supported,5
CVD-SYN-ACT-FIX-0185,V3-09-018,SYN-A009-Q009,Q009,supported,5
CVD-SYN-ACT-FIX-0186,V3-09-019,SYN-A009-Q009,Q009,supported,5
CVD-SYN-ACT-FIX-0187,V3-09-020,SYN-A009-Q009,Q009,supported,5
CVD-SYN-ACT-FIX-0188,V3-09-021,SYN-A009-Q009,Q009,supported,5
CVD-SYN-ACT-FIX-0189,V3-10-001,SYN-A010-Q010,Q010,supported,2
CVD-SYN-ACT-FIX-0190,V3-10-002,SYN-A010-Q010,Q010,supported,2
CVD-SYN-ACT-FIX-0191,V3-10-003,SYN-A010-Q010,Q010,supported,2
CVD-SYN-ACT-FIX-0192,V3-10-004,SYN-A010-Q010,Q010,supported,2
CVD-SYN-ACT-FIX-0193,V3-10-005,SYN-A010-Q010,Q010,supported,2
CVD-SYN-ACT-FIX-0194,V3-10-006,SYN-A010-Q010,Q010,supported,2
CVD-SYN-ACT-FIX-0195,V3-10-007,SYN-A010-Q010,Q010,supported,2
CVD-SYN-ACT-FIX-0196,V3-10-008,SYN-A010-Q010,Q010,supported,2
CVD-SYN-ACT-FIX-0197,V3-10-009,SYN-A010-Q010,Q010,supported,2
CVD-SYN-ACT-FIX-0198,V3-10-010,SYN-A010-Q010,Q010,supported,2
CVD-SYN-ACT-FIX-0199,V3-10-011,SYN-A010-Q010,Q010,supported,2
CVD-SYN-ACT-FIX-0200,V3-10-012,SYN-A010-Q010,Q010,supported,2
CVD-SYN-ACT-FIX-0201,V3-10-013,SYN-A010-Q010,Q010,supported,2
CVD-SYN-ACT-FIX-0202,V3-10-014,SYN-A010-Q010,Q010,supported,2
CVD-SYN-ACT-FIX-0203,V3-10-015,SYN-A010-Q010,Q010,supported,2
CVD-SYN-ACT-FIX-0204,V3-10-016,SYN-A010-Q010,Q010,supported,2
CVD-SYN-ACT-FIX-0205,V3-10-017,SYN-A010-Q010,Q010,supported,2
CVD-SYN-ACT-FIX-0206,V3-10-018,SYN-A010-Q010,Q010,supported,2
CVD-SYN-ACT-FIX-0207,V3-10-019,SYN-A010-Q010,Q010,supported,2
CVD-SYN-ACT-FIX-0208,V3-10-020,SYN-A010-Q010,Q010,supported,2
CVD-SYN-ACT-FIX-0209,V3-10-021,SYN-A010-Q010,Q010,supported,2
CVD-SYN-ACT-FIX-0210,V3-10-022,SYN-A010-Q010,Q010,supported,2
CVD-SYN-ACT-FIX-0211,V3-10-023,SYN-A010-Q010,Q010,supported,2
CVD-SYN-ACT-FIX-0212,V3-10-024,SYN-A010-Q010,Q010,supported,2
CVD-SYN-ACT-FIX-0213,V3-10-025,SYN-A010-Q010,Q010,supported,2
CVD-SYN-ACT-FIX-0214,V3-10-026,SYN-A010-Q010,Q010,supported,2
CVD-SYN-ACT-FIX-0215,V3-10-027,SYN-A010-Q010,Q010,supported,2
CVD-SYN-ACT-FIX-0216,V3-10-028,SYN-A010-Q010,Q010,supported,2
CVD-SYN-ACT-FIX-0217,V3-10-029,SYN-A010-Q010,Q010,supported,2
CVD-SYN-ACT-FIX-0218,V3-10-030,SYN-A010-Q010,Q010,supported,2
CVD-SYN-ACT-FIX-0219,V3-10-031,SYN-A010-Q010,Q010,supported,2
CVD-SYN-ACT-FIX-0220,V3-10-032,SYN-A010-Q010,Q010,supported,2
CVD-SYN-ACT-FIX-0221,V3-10-033,SYN-A010-Q010,Q010,supported,2
CVD-SYN-ACT-FIX-0222,V3-10-034,SYN-A010-Q010,Q010,supported,2
CVD-SYN-ACT-FIX-0223,V3-10-035,SYN-A010-Q010,Q010,supported,2
CVD-SYN-ACT-FIX-0224,V3-10-036,SYN-A010-Q010,Q010,supported,2
CVD-SYN-ACT-FIX-0225,V3-11-001,SYN-A011-Q011,Q011,supported,2
CVD-SYN-ACT-FIX-0226,V3-11-002,SYN-A011-Q011,Q011,supported,2
CVD-SYN-ACT-FIX-0227,V3-11-003,SYN-A011-Q011,Q011,supported,1
CVD-SYN-ACT-FIX-0228,V3-11-004,SYN-A011-Q011,Q011,supported,2
CVD-SYN-ACT-FIX-0229,V3-11-005,SYN-A011-Q011,Q011,supported,1
CVD-SYN-ACT-FIX-0230,V3-11-006,SYN-A011-Q011,Q011,supported,7
CVD-SYN-ACT-FIX-0231,V3-11-007,SYN-A011-Q011,Q011,supported,2
CVD-SYN-ACT-FIX-0232,V3-11-008,SYN-A011-Q011,Q011,supported,7
CVD-SYN-ACT-FIX-0233,V3-11-009,SYN-A011-Q011,Q011,supported,2
CVD-SYN-ACT-FIX-0234,V3-11-010,SYN-A011-Q011,Q011,supported,1
CVD-SYN-ACT-FIX-0235,V3-11-011,SYN-A011-Q011,Q011,supported,1
CVD-SYN-ACT-FIX-0236,V3-11-012,SYN-A011-Q011,Q011,supported,2
CVD-SYN-ACT-FIX-0237,V3-11-013,SYN-A011-Q011,Q011,supported,2
CVD-SYN-ACT-FIX-0238,V3-12-001,SYN-A012-Q012,Q012,supported,50
CVD-SYN-ACT-FIX-0239,V3-12-002,SYN-A012-Q012,Q012,supported,50
CVD-SYN-ACT-FIX-0240,V3-12-003,SYN-A012-Q012,Q012,supported,50
CVD-SYN-ACT-FIX-0241,V3-12-004,SYN-A012-Q012,Q012,supported,50
CVD-SYN-ACT-FIX-0242,V3-12-005,SYN-A012-Q012,Q012,supported,1
CVD-SYN-ACT-FIX-0243,V3-12-006,SYN-A012-Q012,Q012,supported,1
CVD-SYN-ACT-FIX-0244,V3-12-007,SYN-A012-Q012,Q012,supported,1
CVD-SYN-ACT-FIX-0245,V3-12-008,SYN-A012-Q012,Q012,supported,1
CVD-SYN-ACT-FIX-0246,V3-12-009,SYN-A012-Q012,Q012,supported,1
CVD-SYN-ACT-FIX-0247,V3-12-010,SYN-A012-Q012,Q012,supported,1
CVD-SYN-ACT-FIX-0248,V3-12-011,SYN-A012-Q012,Q012,supported,1
CVD-SYN-ACT-FIX-0249,V3-12-012,SYN-A012-Q012,Q012,supported,1
CVD-SYN-ACT-FIX-0250,V3-12-013,SYN-A012-Q012,Q012,supported,1
CVD-SYN-ACT-FIX-0251,V3-12-014,SYN-A012-Q012,Q012,supported,1
CVD-SYN-ACT-FIX-0252,V3-12-015,SYN-A012-Q012,Q012,supported,1
CVD-SYN-ACT-FIX-0253,V3-12-016,SYN-A012-Q012,Q012,supported,1
CVD-SYN-ACT-FIX-0254,V3-12-017,SYN-A012-Q012,Q012,supported,1
CVD-SYN-ACT-FIX-0255,V3-12-018,SYN-A012-Q012,Q012,supported,1
CVD-SYN-ACT-FIX-0256,V3-12-019,SYN-A012-Q012,Q012,supported,1
CVD-SYN-ACT-FIX-0257,V3-12-020,SYN-A012-Q012,Q012,supported,1
CVD-SYN-ACT-FIX-0258,V3-12-021,SYN-A012-Q012,Q012,supported,1
CVD-SYN-ACT-FIX-0259,V3-12-022,SYN-A012-Q012,Q012,supported,1
CVD-SYN-ACT-FIX-0260,V3-12-023,SYN-A012-Q012,Q012,supported,1
CVD-SYN-ACT-FIX-0261,V3-12-024,SYN-A012-Q012,Q012,supported,1
CVD-SYN-ACT-FIX-0262,V3-12-025,SYN-A012-Q012,Q012,supported,1
CVD-SYN-ACT-FIX-0263,V3-12-026,SYN-A012-Q012,Q012,supported,1
CVD-SYN-ACT-FIX-0264,V3-12-027,SYN-A012-Q012,Q012,supported,1
CVD-SYN-ACT-FIX-0265,V3-12-028,SYN-A012-Q012,Q012,supported,1
CVD-SYN-ACT-FIX-0266,V3-12-029,SYN-A012-Q012,Q012,supported,1
CVD-SYN-ACT-FIX-0267,V3-12-030,SYN-A012-Q012,Q012,supported,1
CVD-SYN-ACT-FIX-0268,V3-12-031,SYN-A012-Q012,Q012,supported,1
CVD-SYN-ACT-FIX-0269,V3-12-032,SYN-A012-Q012,Q012,supported,1
CVD-SYN-ACT-FIX-0270,V3-12-033,SYN-A012-Q012,Q012,supported,1
CVD-SYN-ACT-FIX-0271,V3-12-034,SYN-A012-Q012,Q012,supported,1
CVD-SYN-ACT-FIX-0272,V3-12-035,SYN-A012-Q012,Q012,supported,1
CVD-SYN-ACT-FIX-0273,V3-12-036,SYN-A012-Q012,Q012,supported,1
CVD-SYN-ACT-FIX-0274,V3-12-037,SYN-A012-Q012,Q012,supported,1
CVD-SYN-ACT-FIX-0275,V3-12-038,SYN-A012-Q012,Q012,supported,1
CVD-SYN-ACT-FIX-0276,V3-12-039,SYN-A012-Q012,Q012,supported,1
CVD-SYN-ACT-FIX-0277,V3-12-040,SYN-A012-Q012,Q012,supported,1
CVD-SYN-ACT-FIX-0278,V3-12-041,SYN-A012-Q012,Q012,supported,1
CVD-SYN-ACT-FIX-0279,V3-12-042,SYN-A012-Q012,Q012,supported,1
CVD-SYN-ACT-FIX-0280,V3-12-043,SYN-A012-Q012,Q012,supported,1
CVD-SYN-ACT-FIX-0281,V3-12-044,SYN-A012-Q012,Q012,supported,1
CVD-SYN-ACT-FIX-0282,V3-12-045,SYN-A012-Q012,Q012,supported,1
CVD-SYN-ACT-FIX-0283,V3-12-046,SYN-A012-Q012,Q012,supported,1
CVD-SYN-ACT-FIX-0284,V3-12-047,SYN-A012-Q012,Q012,supported,1
CVD-SYN-ACT-FIX-0285,V3-12-048,SYN-A012-Q012,Q012,supported,1
CVD-SYN-ACT-FIX-0286,V3-12-049,SYN-A012-Q012,Q012,supported,1
CVD-SYN-ACT-FIX-0287,V3-12-050,SYN-A012-Q012,Q012,supported,1
CVD-SYN-ACT-FIX-0288,V3-12-051,SYN-A012-Q012,Q012,supported,1
CVD-SYN-ACT-FIX-0289,V3-12-052,SYN-A012-Q012,Q012,supported,1
CVD-SYN-ACT-FIX-0290,V3-12-053,SYN-A012-Q012,Q012,supported,1
CVD-SYN-ACT-FIX-0291,V3-12-054,SYN-A012-Q012,Q012,supported,1
CVD-SYN-ACT-FIX-0292,V3-12-055,SYN-A012-Q012,Q012,supported,50
CVD-SYN-ACT-FIX-0293,V3-12-056,SYN-A012-Q012,Q012,unsupported,2
CVD-SYN-ACT-FIX-0294,V3-12-057,SYN-A012-Q012,Q012,unsupported,6
CVD-SYN-ACT-FIX-0295,V3-12-058,SYN-A012-Q012,Q012,supported,1
CVD-SYN-ACT-FIX-0296,V3-13-001,SYN-A013-Q013,Q013,supported,1
CVD-SYN-ACT-FIX-0297,V3-13-002,SYN-A013-Q013,Q013,supported,1
CVD-SYN-ACT-FIX-0298,V3-13-003,SYN-A013-Q013,Q013,supported,1
CVD-SYN-ACT-FIX-0299,V3-13-004,SYN-A013-Q013,Q013,supported,10
CVD-SYN-ACT-FIX-0300,V3-13-005,SYN-A013-Q013,Q013,supported,1
CVD-SYN-ACT-FIX-0301,V3-13-006,SYN-A013-Q013,Q013,supported,1
CVD-SYN-ACT-FIX-0302,V3-13-007,SYN-A013-Q013,Q013,supported,1
CVD-SYN-ACT-FIX-0303,V3-13-008,SYN-A013-Q013,Q013,supported,10
CVD-SYN-ACT-FIX-0304,V3-13-009,SYN-A013-Q013,Q013,supported,1
CVD-SYN-ACT-FIX-0305,V3-13-010,SYN-A013-Q013,Q013,supported,1
CVD-SYN-ACT-FIX-0306,V3-13-011,SYN-A013-Q013,Q013,supported,1
CVD-SYN-ACT-FIX-0307,V3-13-012,SYN-A013-Q013,Q013,supported,1
CVD-SYN-ACT-FIX-0308,V3-13-013,SYN-A013-Q013,Q013,supported,1
CVD-SYN-ACT-FIX-0309,V3-13-014,SYN-A013-Q013,Q013,supported,1
CVD-SYN-ACT-FIX-0310,V3-13-015,SYN-A013-Q013,Q013,supported,1
CVD-SYN-ACT-FIX-0311,V3-13-016,SYN-A013-Q013,Q013,supported,1
CVD-SYN-ACT-FIX-0312,V3-13-017,SYN-A013-Q013,Q013,supported,1
CVD-SYN-ACT-FIX-0313,V3-13-018,SYN-A013-Q013,Q013,supported,1
CVD-SYN-ACT-FIX-0314,V3-13-019,SYN-A013-Q013,Q013,supported,1
CVD-SYN-ACT-FIX-0315,V3-13-020,SYN-A013-Q013,Q013,supported,1
CVD-SYN-ACT-FIX-0316,V3-13-021,SYN-A013-Q013,Q013,supported,1
CVD-SYN-ACT-FIX-0317,V3-13-022,SYN-A013-Q013,Q013,supported,1
CVD-SYN-ACT-FIX-0318,V3-13-023,SYN-A013-Q013,Q013,supported,1
CVD-SYN-ACT-FIX-0319,V3-13-024,SYN-A013-Q013,Q013,supported,10
CVD-SYN-ACT-FIX-0320,V3-14-001,SYN-A014-Q014,Q014,supported,50
CVD-SYN-ACT-FIX-0321,V3-14-002,SYN-A014-Q014,Q014,supported,50
CVD-SYN-ACT-FIX-0322,V3-14-003,SYN-A014-Q014,Q014,unsupported,50
CVD-SYN-ACT-FIX-0323,V3-14-004,SYN-A014-Q014,Q014,unsupported,3
CVD-SYN-ACT-FIX-0324,V3-14-005,SYN-A014-Q014,Q014,unsupported,3
CVD-SYN-ACT-FIX-0325,V3-14-006,SYN-A014-Q014,Q014,unsupported,3
CVD-SYN-ACT-FIX-0326,V3-14-007,SYN-A014-Q014,Q014,supported,50
CVD-SYN-ACT-FIX-0327,V3-14-008,SYN-A014-Q014,Q014,supported,50
CVD-SYN-ACT-FIX-0328,V3-14-009,SYN-A014-Q014,Q014,unsupported,2
CVD-SYN-ACT-FIX-0329,V3-14-010,SYN-A014-Q014,Q014,unsupported,2
CVD-SYN-ACT-FIX-0330,V3-14-011,SYN-A014-Q014,Q014,supported,50
CVD-SYN-ACT-FIX-0331,V3-14-012,SYN-A014-Q014,Q014,supported,50
CVD-SYN-ACT-FIX-0332,V3-14-013,SYN-A014-Q014,Q014,supported,2
CVD-SYN-ACT-FIX-0333,V3-14-014,SYN-A014-Q014,Q014,supported,2
CVD-SYN-ACT-FIX-0334,V3-14-015,SYN-A014-Q014,Q014,supported,3
CVD-SYN-ACT-FIX-0335,V3-14-016,SYN-A014-Q014,Q014,supported,50
CVD-SYN-ACT-FIX-0336,V3-14-017,SYN-A014-Q014,Q014,supported,15
CVD-SYN-ACT-FIX-0337,V3-14-018,SYN-A014-Q014,Q014,supported,3
CVD-SYN-ACT-FIX-0338,V3-14-019,SYN-A014-Q014,Q014,supported,50
CVD-SYN-ACT-FIX-0339,V3-14-020,SYN-A014-Q014,Q014,supported,5
CVD-SYN-ACT-FIX-0340,V3-14-021,SYN-A014-Q014,Q014,supported,50
CVD-SYN-ACT-FIX-0341,V3-14-022,SYN-A014-Q014,Q014,supported,7
CVD-SYN-ACT-FIX-0342,V3-14-023,SYN-A014-Q014,Q014,supported,6
CVD-SYN-ACT-FIX-0343,V3-14-024,SYN-A014-Q014,Q014,supported,3
CVD-SYN-ACT-FIX-0344,V3-14-025,SYN-A014-Q014,Q014,supported,50
CVD-SYN-ACT-FIX-0345,V3-14-026,SYN-A014-Q014,Q014,supported,2
CVD-SYN-ACT-FIX-0346,V3-14-027,SYN-A014-Q014,Q014,supported,50
CVD-SYN-ACT-FIX-0347,V3-14-028,SYN-A014-Q014,Q014,supported,16
CVD-SYN-ACT-FIX-0348,V3-14-029,SYN-A014-Q014,Q014,supported,8
CVD-SYN-ACT-FIX-0349,V3-14-030,SYN-A014-Q014,Q014,unsupported,50
CVD-SYN-ACT-FIX-0350,V3-14-031,SYN-A014-Q014,Q014,supported,50
CVD-SYN-ACT-FIX-0351,V3-14-032,SYN-A014-Q014,Q014,supported,7
CVD-SYN-ACT-FIX-0352,V3-14-033,SYN-A014-Q014,Q014,supported,50
CVD-SYN-ACT-FIX-0353,V3-14-034,SYN-A014-Q014,Q014,supported,35
CVD-SYN-ACT-FIX-0354,V3-14-035,SYN-A014-Q014,Q014,supported,50
CVD-SYN-ACT-FIX-0355,V3-14-036,SYN-A014-Q014,Q014,unsupported,50
CVD-SYN-ACT-FIX-0356,V3-14-037,SYN-A014-Q014,Q014,unsupported,50
CVD-SYN-ACT-FIX-0357,V3-14-038,SYN-A014-Q014,Q014,supported,50
CVD-SYN-ACT-FIX-0358,V3-14-039,SYN-A014-Q014,Q014,supported,50
CVD-SYN-ACT-FIX-0359,V3-14-040,SYN-A014-Q014,Q014,supported,50
CVD-SYN-ACT-FIX-0360,V3-14-041,SYN-A014-Q014,Q014,supported,50
CVD-SYN-ACT-FIX-0361,V3-14-042,SYN-A014-Q014,Q014,supported,50
CVD-SYN-ACT-FIX-0362,V3-15-001,SYN-A015-Q015,Q015,supported,7
CVD-SYN-ACT-FIX-0363,V3-15-002,SYN-A015-Q015,Q015,supported,2
CVD-SYN-ACT-FIX-0364,V3-15-003,SYN-A015-Q015,Q015,supported,1
CVD-SYN-ACT-FIX-0365,V3-15-004,SYN-A015-Q015,Q015,supported,1
CVD-SYN-ACT-FIX-0366,V3-15-005,SYN-A015-Q015,Q015,supported,7
CVD-SYN-ACT-FIX-0367,V3-15-006,SYN-A015-Q015,Q015,supported,2
CVD-SYN-ACT-FIX-0368,V3-15-007,SYN-A015-Q015,Q015,supported,2
CVD-SYN-ACT-FIX-0369,V3-15-008,SYN-A015-Q015,Q015,supported,1
CVD-SYN-ACT-FIX-0370,V3-15-009,SYN-A015-Q015,Q015,supported,3
CVD-SYN-ACT-FIX-0371,V3-15-010,SYN-A015-Q015,Q015,supported,1
CVD-SYN-ACT-FIX-0372,V3-15-011,SYN-A015-Q015,Q015,supported,1
CVD-SYN-ACT-FIX-0373,V3-15-012,SYN-A015-Q015,Q015,supported,7
CVD-SYN-ACT-FIX-0374,V3-15-013,SYN-A015-Q015,Q015,supported,1
CVD-SYN-ACT-FIX-0375,V3-15-014,SYN-A015-Q015,Q015,supported,1
CVD-SYN-ACT-FIX-0376,V3-15-015,SYN-A015-Q015,Q015,supported,7
CVD-SYN-ACT-FIX-0377,V3-15-016,SYN-A015-Q015,Q015,supported,7
CVD-SYN-ACT-FIX-0378,V3-15-017,SYN-A015-Q015,Q015,supported,1
CVD-SYN-ACT-FIX-0379,V3-15-018,SYN-A015-Q015,Q015,supported,1
CVD-SYN-ACT-FIX-0380,V3-15-019,SYN-A015-Q015,Q015,supported,1
CVD-SYN-ACT-FIX-0381,V3-15-020,SYN-A015-Q015,Q015,supported,1
CVD-SYN-ACT-FIX-0382,V3-15-021,SYN-A015-Q015,Q015,supported,2
CVD-SYN-ACT-FIX-0383,V3-15-022,SYN-A015-Q015,Q015,supported,7
CVD-SYN-ACT-FIX-0384,V3-16-001,SYN-A016-Q016,Q016,supported,1
CVD-SYN-ACT-FIX-0385,V3-16-002,SYN-A016-Q016,Q016,supported,1
CVD-SYN-ACT-FIX-0386,V3-16-003,SYN-A016-Q016,Q016,supported,1
CVD-SYN-ACT-FIX-0387,V3-16-004,SYN-A016-Q016,Q016,supported,1
CVD-SYN-ACT-FIX-0388,V3-16-005,SYN-A016-Q016,Q016,supported,1
CVD-SYN-ACT-FIX-0389,V3-16-006,SYN-A016-Q016,Q016,supported,1
CVD-SYN-ACT-FIX-0390,V3-16-007,SYN-A016-Q016,Q016,supported,1
CVD-SYN-ACT-FIX-0391,V3-16-008,SYN-A016-Q016,Q016,supported,1
CVD-SYN-ACT-FIX-0392,V3-16-009,SYN-A016-Q016,Q016,supported,1
CVD-SYN-ACT-FIX-0393,V3-16-010,SYN-A016-Q016,Q016,supported,1
CVD-SYN-ACT-FIX-0394,V3-17-001,SYN-A017-Q017,Q017,supported,1
CVD-SYN-ACT-FIX-0395,V3-17-002,SYN-A017-Q017,Q017,supported,1
CVD-SYN-ACT-FIX-0396,V3-17-003,SYN-A017-Q017,Q017,supported,1
CVD-SYN-ACT-FIX-0397,V3-17-004,SYN-A017-Q017,Q017,supported,1
CVD-SYN-ACT-FIX-0398,V3-17-005,SYN-A017-Q017,Q017,supported,1
CVD-SYN-ACT-FIX-0399,V3-17-006,SYN-A017-Q017,Q017,supported,1
CVD-SYN-ACT-FIX-0400,V3-17-007,SYN-A017-Q017,Q017,supported,1
CVD-SYN-ACT-FIX-0401,V3-17-008,SYN-A017-Q017,Q017,supported,8
CVD-SYN-ACT-FIX-0402,V3-17-009,SYN-A017-Q017,Q017,supported,1
CVD-SYN-ACT-FIX-0403,V3-17-010,SYN-A017-Q017,Q017,supported,1
CVD-SYN-ACT-FIX-0404,V3-17-011,SYN-A017-Q017,Q017,supported,8
CVD-SYN-ACT-FIX-0405,V3-17-012,SYN-A017-Q017,Q017,supported,1
CVD-SYN-ACT-FIX-0406,V3-17-013,SYN-A017-Q017,Q017,supported,1
CVD-SYN-ACT-FIX-0407,V3-17-014,SYN-A017-Q017,Q017,supported,1
CVD-SYN-ACT-FIX-0408,V3-17-015,SYN-A017-Q017,Q017,supported,8
CVD-SYN-ACT-FIX-0409,V3-17-016,SYN-A017-Q017,Q017,supported,2
CVD-SYN-ACT-FIX-0410,V3-17-017,SYN-A017-Q017,Q017,supported,1
CVD-SYN-ACT-FIX-0411,V3-17-018,SYN-A017-Q017,Q017,supported,1
CVD-SYN-ACT-FIX-0412,V3-18-001,SYN-A018-Q018,Q018,supported,50
CVD-SYN-ACT-FIX-0413,V3-18-002,SYN-A018-Q018,Q018,supported,50
CVD-SYN-ACT-FIX-0414,V3-18-003,SYN-A018-Q018,Q018,supported,1
CVD-SYN-ACT-FIX-0415,V3-18-004,SYN-A018-Q018,Q018,supported,1
CVD-SYN-ACT-FIX-0416,V3-18-005,SYN-A018-Q018,Q018,supported,1
CVD-SYN-ACT-FIX-0417,V3-18-006,SYN-A018-Q018,Q018,supported,1
CVD-SYN-ACT-FIX-0418,V3-18-007,SYN-A018-Q018,Q018,supported,1
CVD-SYN-ACT-FIX-0419,V3-18-008,SYN-A018-Q018,Q018,supported,1
CVD-SYN-ACT-FIX-0420,V3-18-009,SYN-A018-Q018,Q018,supported,1
CVD-SYN-ACT-FIX-0421,V3-18-010,SYN-A018-Q018,Q018,supported,1
CVD-SYN-ACT-FIX-0422,V3-18-011,SYN-A018-Q018,Q018,supported,1
CVD-SYN-ACT-FIX-0423,V3-18-012,SYN-A018-Q018,Q018,supported,1
CVD-SYN-ACT-FIX-0424,V3-18-013,SYN-A018-Q018,Q018,supported,1
CVD-SYN-ACT-FIX-0425,V3-18-014,SYN-A018-Q018,Q018,supported,1
CVD-SYN-ACT-FIX-0426,V3-18-015,SYN-A018-Q018,Q018,supported,1
CVD-SYN-ACT-FIX-0427,V3-18-016,SYN-A018-Q018,Q018,supported,1
CVD-SYN-ACT-FIX-0428,V3-18-017,SYN-A018-Q018,Q018,supported,1
CVD-SYN-ACT-FIX-0429,V3-18-018,SYN-A018-Q018,Q018,supported,1
CVD-SYN-ACT-FIX-0430,V3-18-019,SYN-A018-Q018,Q018,supported,1
CVD-SYN-ACT-FIX-0431,V3-18-020,SYN-A018-Q018,Q018,supported,1
CVD-SYN-ACT-FIX-0432,V3-18-021,SYN-A018-Q018,Q018,supported,1
CVD-SYN-ACT-FIX-0433,V3-18-022,SYN-A018-Q018,Q018,supported,1
CVD-SYN-ACT-FIX-0434,V3-18-023,SYN-A018-Q018,Q018,supported,1
CVD-SYN-ACT-FIX-0435,V3-18-024,SYN-A018-Q018,Q018,supported,1
CVD-SYN-ACT-FIX-0436,V3-18-025,SYN-A018-Q018,Q018,supported,1
CVD-SYN-ACT-FIX-0437,V3-18-026,SYN-A018-Q018,Q018,supported,1
CVD-SYN-ACT-FIX-0438,V3-18-027,SYN-A018-Q018,Q018,supported,1
CVD-SYN-ACT-FIX-0439,V3-18-028,SYN-A018-Q018,Q018,supported,1
CVD-SYN-ACT-FIX-0440,V3-18-029,SYN-A018-Q018,Q018,supported,1
CVD-SYN-ACT-FIX-0441,V3-18-030,SYN-A018-Q018,Q018,supported,1
CVD-SYN-ACT-FIX-0442,V3-18-031,SYN-A018-Q018,Q018,supported,1
CVD-SYN-ACT-FIX-0443,V3-18-032,SYN-A018-Q018,Q018,supported,1
CVD-SYN-ACT-FIX-0444,V3-18-033,SYN-A018-Q018,Q018,supported,1
CVD-SYN-ACT-FIX-0445,V3-18-034,SYN-A018-Q018,Q018,supported,1
CVD-SYN-ACT-FIX-0446,V3-18-035,SYN-A018-Q018,Q018,supported,1
CVD-SYN-ACT-FIX-0447,V3-18-036,SYN-A018-Q018,Q018,supported,1
CVD-SYN-ACT-FIX-0448,V3-18-037,SYN-A018-Q018,Q018,supported,1
CVD-SYN-ACT-FIX-0449,V3-18-038,SYN-A018-Q018,Q018,supported,1
CVD-SYN-ACT-FIX-0450,V3-18-039,SYN-A018-Q018,Q018,supported,1
CVD-SYN-ACT-FIX-0451,V3-18-040,SYN-A018-Q018,Q018,supported,1
CVD-SYN-ACT-FIX-0452,V3-18-041,SYN-A018-Q018,Q018,supported,1
CVD-SYN-ACT-FIX-0453,V3-18-042,SYN-A018-Q018,Q018,supported,1
CVD-SYN-ACT-FIX-0454,V3-18-043,SYN-A018-Q018,Q018,supported,1
CVD-SYN-ACT-FIX-0455,V3-18-044,SYN-A018-Q018,Q018,supported,1
CVD-SYN-ACT-FIX-0456,V3-18-045,SYN-A018-Q018,Q018,supported,1
CVD-SYN-ACT-FIX-0457,V3-18-046,SYN-A018-Q018,Q018,supported,1
CVD-SYN-ACT-FIX-0458,V3-18-047,SYN-A018-Q018,Q018,supported,1
CVD-SYN-ACT-FIX-0459,V3-18-048,SYN-A018-Q018,Q018,supported,1
CVD-SYN-ACT-FIX-0460,V3-18-049,SYN-A018-Q018,Q018,supported,1
CVD-SYN-ACT-FIX-0461,V3-18-050,SYN-A018-Q018,Q018,supported,1
CVD-SYN-ACT-FIX-0462,V3-18-051,SYN-A018-Q018,Q018,supported,1
CVD-SYN-ACT-FIX-0463,V3-18-052,SYN-A018-Q018,Q018,supported,1
CVD-SYN-ACT-FIX-0464,V3-18-053,SYN-A018-Q018,Q018,supported,50
CVD-SYN-ACT-FIX-0465,V3-18-054,SYN-A018-Q018,Q018,supported,50
CVD-SYN-ACT-FIX-0466,V3-19-001,SYN-A019-Q019,Q019,supported,1
CVD-SYN-ACT-FIX-0467,V3-19-002,SYN-A019-Q019,Q019,supported,1
CVD-SYN-ACT-FIX-0468,V3-19-003,SYN-A019-Q019,Q019,supported,1
CVD-SYN-ACT-FIX-0469,V3-19-004,SYN-A019-Q019,Q019,supported,1
CVD-SYN-ACT-FIX-0470,V3-19-005,SYN-A019-Q019,Q019,supported,8
CVD-SYN-ACT-FIX-0471,V3-19-006,SYN-A019-Q019,Q019,supported,1
CVD-SYN-ACT-FIX-0472,V3-19-007,SYN-A019-Q019,Q019,supported,8
CVD-SYN-ACT-FIX-0473,V3-19-008,SYN-A019-Q019,Q019,supported,2
CVD-SYN-ACT-FIX-0474,V3-19-009,SYN-A019-Q019,Q019,supported,1
CVD-SYN-ACT-FIX-0475,V3-19-010,SYN-A019-Q019,Q019,supported,1
CVD-SYN-ACT-FIX-0476,V3-19-011,SYN-A019-Q019,Q019,supported,1
CVD-SYN-ACT-FIX-0477,V3-19-012,SYN-A019-Q019,Q019,supported,1
CVD-SYN-ACT-FIX-0478,V3-19-013,SYN-A019-Q019,Q019,supported,1
CVD-SYN-ACT-FIX-0479,V3-19-014,SYN-A019-Q019,Q019,supported,1
CVD-SYN-ACT-FIX-0480,V3-19-015,SYN-A019-Q019,Q019,supported,8
CVD-SYN-ACT-FIX-0481,V3-19-016,SYN-A019-Q019,Q019,supported,1
CVD-SYN-ACT-FIX-0482,V3-19-017,SYN-A019-Q019,Q019,supported,2
CVD-SYN-ACT-FIX-0483,V3-19-018,SYN-A019-Q019,Q019,supported,4
CVD-SYN-ACT-FIX-0484,V3-20-001,SYN-A020-Q020,Q020,supported,2
CVD-SYN-ACT-FIX-0485,V3-20-002,SYN-A020-Q020,Q020,supported,2
CVD-SYN-ACT-FIX-0486,V3-20-003,SYN-A020-Q020,Q020,supported,2
CVD-SYN-ACT-FIX-0487,V3-20-004,SYN-A020-Q020,Q020,supported,2
CVD-SYN-ACT-FIX-0488,V3-20-005,SYN-A020-Q020,Q020,supported,1
CVD-SYN-ACT-FIX-0489,V3-20-006,SYN-A020-Q020,Q020,supported,1
CVD-SYN-ACT-FIX-0490,V3-20-007,SYN-A020-Q020,Q020,supported,2
CVD-SYN-ACT-FIX-0491,V3-20-008,SYN-A020-Q020,Q020,supported,2
CVD-SYN-ACT-FIX-0492,V3-20-009,SYN-A020-Q020,Q020,supported,2
CVD-SYN-ACT-FIX-0493,V3-20-010,SYN-A020-Q020,Q020,supported,2
CVD-SYN-ACT-FIX-0494,V3-20-011,SYN-A020-Q020,Q020,supported,2
CVD-SYN-ACT-FIX-0495,V3-20-012,SYN-A020-Q020,Q020,supported,2
CVD-SYN-ACT-FIX-0496,V3-20-013,SYN-A020-Q020,Q020,supported,2
CVD-SYN-ACT-FIX-0497,V3-20-014,SYN-A020-Q020,Q020,supported,2
CVD-SYN-ACT-FIX-0498,V3-20-015,SYN-A020-Q020,Q020,supported,2
CVD-SYN-ACT-FIX-0499,V3-20-016,SYN-A020-Q020,Q020,supported,2
CVD-SYN-ACT-FIX-0500,V3-20-017,SYN-A020-Q020,Q020,supported,2
CVD-SYN-ACT-FIX-0501,V3-20-018,SYN-A020-Q020,Q020,supported,2
CVD-SYN-ACT-FIX-0502,V3-20-019,SYN-A020-Q020,Q020,supported,2
CVD-SYN-ACT-FIX-0503,V3-20-020,SYN-A020-Q020,Q020,supported,2
CVD-SYN-ACT-FIX-0504,V3-20-021,SYN-A020-Q020,Q020,supported,2
CVD-SYN-ACT-FIX-0505,V3-20-022,SYN-A020-Q020,Q020,supported,2
CVD-SYN-ACT-FIX-0506,V3-20-023,SYN-A020-Q020,Q020,supported,2
CVD-SYN-ACT-FIX-0507,V3-21-001,SYN-A021-Q021,Q021,supported,8
CVD-SYN-ACT-FIX-0508,V3-21-002,SYN-A021-Q021,Q021,supported,1
CVD-SYN-ACT-FIX-0509,V3-21-003,SYN-A021-Q021,Q021,supported,1
CVD-SYN-ACT-FIX-0510,V3-21-004,SYN-A021-Q021,Q021,supported,1
CVD-SYN-ACT-FIX-0511,V3-21-005,SYN-A021-Q021,Q021,supported,8
CVD-SYN-ACT-FIX-0512,V3-21-006,SYN-A021-Q021,Q021,supported,1
CVD-SYN-ACT-FIX-0513,V3-21-007,SYN-A021-Q021,Q021,supported,1
CVD-SYN-ACT-FIX-0514,V3-21-008,SYN-A021-Q021,Q021,supported,1
CVD-SYN-ACT-FIX-0515,V3-21-009,SYN-A021-Q021,Q021,supported,8
CVD-SYN-ACT-FIX-0516,V3-21-010,SYN-A021-Q021,Q021,supported,1
CVD-SYN-ACT-FIX-0517,V3-21-011,SYN-A021-Q021,Q021,supported,1
CVD-SYN-ACT-FIX-0518,V3-21-012,SYN-A021-Q021,Q021,supported,8
CVD-SYN-ACT-FIX-0519,V3-21-013,SYN-A021-Q021,Q021,supported,8
CVD-SYN-ACT-FIX-0520,V3-21-014,SYN-A021-Q021,Q021,supported,2
CVD-SYN-ACT-FIX-0521,V3-21-015,SYN-A021-Q021,Q021,supported,1
CVD-SYN-ACT-FIX-0522,V3-21-016,SYN-A021-Q021,Q021,supported,8
CVD-SYN-ACT-FIX-0523,V3-21-017,SYN-A021-Q021,Q021,supported,1
CVD-SYN-ACT-FIX-0524,V3-21-018,SYN-A021-Q021,Q021,supported,8
CVD-SYN-ACT-FIX-0525,V3-21-019,SYN-A021-Q021,Q021,supported,5
CVD-SYN-ACT-FIX-0526,V3-23-001,SYN-A023-Q001,Q001,supported,6
CVD-SYN-ACT-FIX-0527,V3-23-002,SYN-A023-Q001,Q001,supported,6
CVD-SYN-ACT-FIX-0528,V3-23-003,SYN-A023-Q001,Q001,supported,6
CVD-SYN-ACT-FIX-0529,V3-23-004,SYN-A023-Q001,Q001,supported,1
CVD-SYN-ACT-FIX-0530,V3-23-005,SYN-A023-Q001,Q001,supported,6
CVD-SYN-ACT-FIX-0531,V3-23-006,SYN-A023-Q001,Q001,supported,2
CVD-SYN-ACT-FIX-0532,V3-23-007,SYN-A023-Q001,Q001,supported,1
CVD-SYN-ACT-FIX-0533,V3-23-008,SYN-A023-Q001,Q001,supported,1
CVD-SYN-ACT-FIX-0534,V3-23-009,SYN-A023-Q001,Q001,supported,1
CVD-SYN-ACT-FIX-0535,V3-23-010,SYN-A023-Q001,Q001,supported,1
CVD-SYN-ACT-FIX-0536,V3-23-011,SYN-A023-Q001,Q001,supported,6
CVD-SYN-ACT-FIX-0537,V3-23-012,SYN-A023-Q001,Q001,supported,2
CVD-SYN-ACT-FIX-0538,V3-23-013,SYN-A023-Q001,Q001,supported,6
CVD-SYN-ACT-FIX-0539,V3-23-014,SYN-A023-Q001,Q001,supported,6
CVD-SYN-ACT-FIX-0540,V3-23-015,SYN-A023-Q001,Q001,supported,6
CVD-SYN-ACT-FIX-0541,V3-24-001,SYN-A024-Q002,Q002,supported,2
CVD-SYN-ACT-FIX-0542,V3-24-002,SYN-A024-Q002,Q002,supported,2
CVD-SYN-ACT-FIX-0543,V3-24-003,SYN-A024-Q002,Q002,supported,1
CVD-SYN-ACT-FIX-0544,V3-24-004,SYN-A024-Q002,Q002,supported,2
CVD-SYN-ACT-FIX-0545,V3-24-005,SYN-A024-Q002,Q002,supported,2
CVD-SYN-ACT-FIX-0546,V3-24-006,SYN-A024-Q002,Q002,supported,2
CVD-SYN-ACT-FIX-0547,V3-24-007,SYN-A024-Q002,Q002,supported,1
CVD-SYN-ACT-FIX-0548,V3-24-008,SYN-A024-Q002,Q002,supported,1
CVD-SYN-ACT-FIX-0549,V3-24-009,SYN-A024-Q002,Q002,supported,2
CVD-SYN-ACT-FIX-0550,V3-24-010,SYN-A024-Q002,Q002,supported,2
CVD-SYN-ACT-FIX-0551,V3-24-011,SYN-A024-Q002,Q002,supported,2
CVD-SYN-ACT-FIX-0552,V3-24-012,SYN-A024-Q002,Q002,supported,1
CVD-SYN-ACT-FIX-0553,V3-24-013,SYN-A024-Q002,Q002,supported,2
CVD-SYN-ACT-FIX-0554,V3-24-014,SYN-A024-Q002,Q002,supported,2
CVD-SYN-ACT-FIX-0555,V3-25-001,SYN-A025-Q003,Q003,supported,8
CVD-SYN-ACT-FIX-0556,V3-25-002,SYN-A025-Q003,Q003,supported,1
CVD-SYN-ACT-FIX-0557,V3-25-003,SYN-A025-Q003,Q003,supported,1
CVD-SYN-ACT-FIX-0558,V3-25-004,SYN-A025-Q003,Q003,supported,1
CVD-SYN-ACT-FIX-0559,V3-25-005,SYN-A025-Q003,Q003,supported,1
CVD-SYN-ACT-FIX-0560,V3-25-006,SYN-A025-Q003,Q003,supported,1
CVD-SYN-ACT-FIX-0561,V3-25-007,SYN-A025-Q003,Q003,supported,1
CVD-SYN-ACT-FIX-0562,V3-25-008,SYN-A025-Q003,Q003,supported,1
CVD-SYN-ACT-FIX-0563,V3-25-009,SYN-A025-Q003,Q003,supported,1
CVD-SYN-ACT-FIX-0564,V3-25-010,SYN-A025-Q003,Q003,supported,1
CVD-SYN-ACT-FIX-0565,V3-25-011,SYN-A025-Q003,Q003,supported,1
CVD-SYN-ACT-FIX-0566,V3-25-012,SYN-A025-Q003,Q003,supported,1
CVD-SYN-ACT-FIX-0567,V3-25-013,SYN-A025-Q003,Q003,supported,1
CVD-SYN-ACT-FIX-0568,V3-25-014,SYN-A025-Q003,Q003,supported,3
CVD-SYN-ACT-FIX-0569,V3-26-001,SYN-A026-Q004,Q004,supported,1
CVD-SYN-ACT-FIX-0570,V3-26-002,SYN-A026-Q004,Q004,supported,6
CVD-SYN-ACT-FIX-0571,V3-26-003,SYN-A026-Q004,Q004,supported,6
CVD-SYN-ACT-FIX-0572,V3-26-004,SYN-A026-Q004,Q004,supported,6
CVD-SYN-ACT-FIX-0573,V3-26-005,SYN-A026-Q004,Q004,supported,2
CVD-SYN-ACT-FIX-0574,V3-26-006,SYN-A026-Q004,Q004,supported,1
CVD-SYN-ACT-FIX-0575,V3-26-007,SYN-A026-Q004,Q004,unsupported,6
CVD-SYN-ACT-FIX-0576,V3-26-008,SYN-A026-Q004,Q004,supported,2
CVD-SYN-ACT-FIX-0577,V3-26-009,SYN-A026-Q004,Q004,supported,1
CVD-SYN-ACT-FIX-0578,V3-26-010,SYN-A026-Q004,Q004,supported,1
CVD-SYN-ACT-FIX-0579,V3-26-011,SYN-A026-Q004,Q004,supported,6
CVD-SYN-ACT-FIX-0580,V3-26-012,SYN-A026-Q004,Q004,supported,3
CVD-SYN-ACT-FIX-0581,V3-27-001,SYN-A027-Q005,Q005,supported,8
CVD-SYN-ACT-FIX-0582,V3-27-002,SYN-A027-Q005,Q005,supported,8
CVD-SYN-ACT-FIX-0583,V3-27-003,SYN-A027-Q005,Q005,supported,8
CVD-SYN-ACT-FIX-0584,V3-27-004,SYN-A027-Q005,Q005,supported,8
CVD-SYN-ACT-FIX-0585,V3-27-005,SYN-A027-Q005,Q005,contradicted,8
CVD-SYN-ACT-FIX-0586,V3-27-006,SYN-A027-Q005,Q005,unsupported,1
CVD-SYN-ACT-FIX-0587,V3-27-007,SYN-A027-Q005,Q005,supported,8
CVD-SYN-ACT-FIX-0588,V3-27-008,SYN-A027-Q005,Q005,supported,2
CVD-SYN-ACT-FIX-0589,V3-27-009,SYN-A027-Q005,Q005,supported,1
CVD-SYN-ACT-FIX-0590,V3-27-010,SYN-A027-Q005,Q005,supported,1
CVD-SYN-ACT-FIX-0591,V3-27-011,SYN-A027-Q005,Q005,supported,8
CVD-SYN-ACT-FIX-0592,V3-27-012,SYN-A027-Q005,Q005,supported,3
CVD-SYN-ACT-FIX-0593,V3-27-013,SYN-A027-Q005,Q005,unsupported,1
CVD-SYN-ACT-FIX-0594,V3-27-014,SYN-A027-Q005,Q005,supported,1
CVD-SYN-ACT-FIX-0595,V3-27-015,SYN-A027-Q005,Q005,supported,1
CVD-SYN-ACT-FIX-0596,V3-27-016,SYN-A027-Q005,Q005,supported,1
CVD-SYN-ACT-FIX-0597,V3-27-017,SYN-A027-Q005,Q005,supported,8
CVD-SYN-ACT-FIX-0598,V3-27-018,SYN-A027-Q005,Q005,unsupported,2
CVD-SYN-ACT-FIX-0599,V3-27-019,SYN-A027-Q005,Q005,unsupported,1
CVD-SYN-ACT-FIX-0600,V3-27-020,SYN-A027-Q005,Q005,supported,2
CVD-SYN-ACT-FIX-0601,V3-28-001,SYN-A028-Q006,Q006,supported,33
CVD-SYN-ACT-FIX-0602,V3-28-002,SYN-A028-Q006,Q006,supported,1
CVD-SYN-ACT-FIX-0603,V3-28-003,SYN-A028-Q006,Q006,supported,1
CVD-SYN-ACT-FIX-0604,V3-28-004,SYN-A028-Q006,Q006,supported,2
CVD-SYN-ACT-FIX-0605,V3-28-005,SYN-A028-Q006,Q006,unsupported,1
CVD-SYN-ACT-FIX-0606,V3-28-006,SYN-A028-Q006,Q006,supported,33
CVD-SYN-ACT-FIX-0607,V3-28-007,SYN-A028-Q006,Q006,supported,33
CVD-SYN-ACT-FIX-0608,V3-28-008,SYN-A028-Q006,Q006,supported,1
CVD-SYN-ACT-FIX-0609,V3-28-009,SYN-A028-Q006,Q006,supported,1
CVD-SYN-ACT-FIX-0610,V3-28-010,SYN-A028-Q006,Q006,supported,1
CVD-SYN-ACT-FIX-0611,V3-28-011,SYN-A028-Q006,Q006,supported,1
CVD-SYN-ACT-FIX-0612,V3-28-012,SYN-A028-Q006,Q006,supported,1
CVD-SYN-ACT-FIX-0613,V3-28-013,SYN-A028-Q006,Q006,supported,1
CVD-SYN-ACT-FIX-0614,V3-28-014,SYN-A028-Q006,Q006,supported,1
CVD-SYN-ACT-FIX-0615,V3-28-015,SYN-A028-Q006,Q006,supported,1
CVD-SYN-ACT-FIX-0616,V3-28-016,SYN-A028-Q006,Q006,supported,2
CVD-SYN-ACT-FIX-0617,V3-28-017,SYN-A028-Q006,Q006,supported,33
CVD-SYN-ACT-FIX-0618,V3-28-018,SYN-A028-Q006,Q006,unsupported,2
CVD-SYN-ACT-FIX-0619,V3-28-019,SYN-A028-Q006,Q006,supported,15
CVD-SYN-ACT-FIX-0620,V3-28-020,SYN-A028-Q006,Q006,unsupported,33
CVD-SYN-ACT-FIX-0621,V3-28-021,SYN-A028-Q006,Q006,supported,33
CVD-SYN-ACT-FIX-0622,V3-28-022,SYN-A028-Q006,Q006,supported,33
CVD-SYN-ACT-FIX-0623,V3-28-023,SYN-A028-Q006,Q006,supported,1
CVD-SYN-ACT-FIX-0624,V3-28-024,SYN-A028-Q006,Q006,supported,1
CVD-SYN-ACT-FIX-0625,V3-28-025,SYN-A028-Q006,Q006,supported,1
CVD-SYN-ACT-FIX-0626,V3-28-026,SYN-A028-Q006,Q006,supported,1
CVD-SYN-ACT-FIX-0627,V3-28-027,SYN-A028-Q006,Q006,supported,1
CVD-SYN-ACT-FIX-0628,V3-28-028,SYN-A028-Q006,Q006,unsupported,33
CVD-SYN-ACT-FIX-0629,V3-28-029,SYN-A028-Q006,Q006,supported,33
CVD-SYN-ACT-FIX-0630,V3-28-030,SYN-A028-Q006,Q006,supported,2
CVD-SYN-ACT-FIX-0631,V3-28-031,SYN-A028-Q006,Q006,supported,33
CVD-SYN-ACT-FIX-0632,V3-28-032,SYN-A028-Q006,Q006,unsupported,3
CVD-SYN-ACT-FIX-0633,V3-28-033,SYN-A028-Q006,Q006,supported,2
CVD-SYN-ACT-FIX-0634,V3-28-034,SYN-A028-Q006,Q006,supported,33
CVD-SYN-ACT-FIX-0635,V3-28-035,SYN-A028-Q006,Q006,unsupported,1
CVD-SYN-ACT-FIX-0636,V3-28-036,SYN-A028-Q006,Q006,supported,3
CVD-SYN-ACT-FIX-0637,V3-28-037,SYN-A028-Q006,Q006,supported,3
CVD-SYN-ACT-FIX-0638,V3-29-001,SYN-A029-Q007,Q007,supported,1
CVD-SYN-ACT-FIX-0639,V3-29-002,SYN-A029-Q007,Q007,supported,1
CVD-SYN-ACT-FIX-0640,V3-29-003,SYN-A029-Q007,Q007,supported,2
CVD-SYN-ACT-FIX-0641,V3-29-004,SYN-A029-Q007,Q007,supported,1
CVD-SYN-ACT-FIX-0642,V3-29-005,SYN-A029-Q007,Q007,supported,3
CVD-SYN-ACT-FIX-0643,V3-29-006,SYN-A029-Q007,Q007,supported,11
CVD-SYN-ACT-FIX-0644,V3-29-007,SYN-A029-Q007,Q007,supported,3
CVD-SYN-ACT-FIX-0645,V3-29-008,SYN-A029-Q007,Q007,supported,1
CVD-SYN-ACT-FIX-0646,V3-29-009,SYN-A029-Q007,Q007,supported,3
CVD-SYN-ACT-FIX-0647,V3-29-010,SYN-A029-Q007,Q007,unsupported,3
CVD-SYN-ACT-FIX-0648,V3-29-011,SYN-A029-Q007,Q007,supported,2
CVD-SYN-ACT-FIX-0649,V3-29-012,SYN-A029-Q007,Q007,supported,1
CVD-SYN-ACT-FIX-0650,V3-29-013,SYN-A029-Q007,Q007,supported,1
CVD-SYN-ACT-FIX-0651,V3-29-014,SYN-A029-Q007,Q007,supported,1
CVD-SYN-ACT-FIX-0652,V3-29-015,SYN-A029-Q007,Q007,supported,2
CVD-SYN-ACT-FIX-0653,V3-29-016,SYN-A029-Q007,Q007,supported,1
CVD-SYN-ACT-FIX-0654,V3-29-017,SYN-A029-Q007,Q007,supported,1
CVD-SYN-ACT-FIX-0655,V3-29-018,SYN-A029-Q007,Q007,supported,11
CVD-SYN-ACT-FIX-0656,V3-29-019,SYN-A029-Q007,Q007,supported,2
CVD-SYN-ACT-FIX-0657,V3-29-020,SYN-A029-Q007,Q007,supported,2
CVD-SYN-ACT-FIX-0658,V3-29-021,SYN-A029-Q007,Q007,supported,2
CVD-SYN-ACT-FIX-0659,V3-29-022,SYN-A029-Q007,Q007,supported,4
CVD-SYN-ACT-FIX-0660,V3-30-001,SYN-A030-Q008,Q008,supported,1
CVD-SYN-ACT-FIX-0661,V3-30-002,SYN-A030-Q008,Q008,supported,1
CVD-SYN-ACT-FIX-0662,V3-30-003,SYN-A030-Q008,Q008,supported,1
CVD-SYN-ACT-FIX-0663,V3-30-004,SYN-A030-Q008,Q008,supported,1
CVD-SYN-ACT-FIX-0664,V3-30-005,SYN-A030-Q008,Q008,supported,1
CVD-SYN-ACT-FIX-0665,V3-30-006,SYN-A030-Q008,Q008,supported,1
CVD-SYN-ACT-FIX-0666,V3-30-007,SYN-A030-Q008,Q008,supported,1
CVD-SYN-ACT-FIX-0667,V3-30-008,SYN-A030-Q008,Q008,supported,1
CVD-SYN-ACT-FIX-0668,V3-30-009,SYN-A030-Q008,Q008,supported,1
CVD-SYN-ACT-FIX-0669,V3-30-010,SYN-A030-Q008,Q008,supported,1
CVD-SYN-ACT-FIX-0670,V3-30-011,SYN-A030-Q008,Q008,supported,10
CVD-SYN-ACT-FIX-0671,V3-30-012,SYN-A030-Q008,Q008,supported,18
CVD-SYN-ACT-FIX-0672,V3-30-013,SYN-A030-Q008,Q008,supported,1
CVD-SYN-ACT-FIX-0673,V3-30-014,SYN-A030-Q008,Q008,supported,4
CVD-SYN-ACT-FIX-0674,V3-30-015,SYN-A030-Q008,Q008,unsupported,5
CVD-SYN-ACT-FIX-0675,V3-30-016,SYN-A030-Q008,Q008,supported,18
CVD-SYN-ACT-FIX-0676,V3-30-017,SYN-A030-Q008,Q008,supported,1
CVD-SYN-ACT-FIX-0677,V3-30-018,SYN-A030-Q008,Q008,supported,2
CVD-SYN-ACT-FIX-0678,V3-30-019,SYN-A030-Q008,Q008,supported,1
CVD-SYN-ACT-FIX-0679,V3-30-020,SYN-A030-Q008,Q008,supported,18
CVD-SYN-ACT-FIX-0680,V3-30-021,SYN-A030-Q008,Q008,supported,1
CVD-SYN-ACT-FIX-0681,V3-30-022,SYN-A030-Q008,Q008,unsupported,1
CVD-SYN-ACT-FIX-0682,V3-30-023,SYN-A030-Q008,Q008,supported,1
CVD-SYN-ACT-FIX-0683,V3-30-024,SYN-A030-Q008,Q008,unsupported,2
CVD-SYN-ACT-FIX-0684,V3-30-025,SYN-A030-Q008,Q008,supported,18
CVD-SYN-ACT-FIX-0685,V3-30-026,SYN-A030-Q008,Q008,supported,1
CVD-SYN-ACT-FIX-0686,V3-30-027,SYN-A030-Q008,Q008,supported,1
CVD-SYN-ACT-FIX-0687,V3-30-028,SYN-A030-Q008,Q008,supported,2
CVD-SYN-ACT-FIX-0688,V3-30-029,SYN-A030-Q008,Q008,supported,2
CVD-SYN-ACT-FIX-0689,V3-30-030,SYN-A030-Q008,Q008,supported,3
CVD-SYN-ACT-FIX-0690,V3-30-031,SYN-A030-Q008,Q008,unsupported,1
CVD-SYN-ACT-FIX-0691,V3-30-032,SYN-A030-Q008,Q008,unsupported,2
CVD-SYN-ACT-FIX-0692,V3-30-033,SYN-A030-Q008,Q008,unsupported,4
CVD-SYN-ACT-FIX-0693,V3-31-001,SYN-A031-Q009,Q009,supported,56
CVD-SYN-ACT-FIX-0694,V3-31-002,SYN-A031-Q009,Q009,supported,56
CVD-SYN-ACT-FIX-0695,V3-31-003,SYN-A031-Q009,Q009,supported,1
CVD-SYN-ACT-FIX-0696,V3-31-004,SYN-A031-Q009,Q009,supported,1
CVD-SYN-ACT-FIX-0697,V3-31-005,SYN-A031-Q009,Q009,supported,1
CVD-SYN-ACT-FIX-0698,V3-31-006,SYN-A031-Q009,Q009,supported,1
CVD-SYN-ACT-FIX-0699,V3-31-007,SYN-A031-Q009,Q009,supported,1
CVD-SYN-ACT-FIX-0700,V3-31-008,SYN-A031-Q009,Q009,supported,1
CVD-SYN-ACT-FIX-0701,V3-31-009,SYN-A031-Q009,Q009,supported,1
CVD-SYN-ACT-FIX-0702,V3-31-010,SYN-A031-Q009,Q009,supported,1
CVD-SYN-ACT-FIX-0703,V3-31-011,SYN-A031-Q009,Q009,supported,1
CVD-SYN-ACT-FIX-0704,V3-31-012,SYN-A031-Q009,Q009,supported,1
CVD-SYN-ACT-FIX-0705,V3-31-013,SYN-A031-Q009,Q009,supported,1
CVD-SYN-ACT-FIX-0706,V3-31-014,SYN-A031-Q009,Q009,supported,1
CVD-SYN-ACT-FIX-0707,V3-31-015,SYN-A031-Q009,Q009,supported,1
CVD-SYN-ACT-FIX-0708,V3-31-016,SYN-A031-Q009,Q009,supported,1
CVD-SYN-ACT-FIX-0709,V3-31-017,SYN-A031-Q009,Q009,supported,1
CVD-SYN-ACT-FIX-0710,V3-31-018,SYN-A031-Q009,Q009,supported,1
CVD-SYN-ACT-FIX-0711,V3-31-019,SYN-A031-Q009,Q009,supported,1
CVD-SYN-ACT-FIX-0712,V3-31-020,SYN-A031-Q009,Q009,supported,1
CVD-SYN-ACT-FIX-0713,V3-31-021,SYN-A031-Q009,Q009,supported,1
CVD-SYN-ACT-FIX-0714,V3-31-022,SYN-A031-Q009,Q009,supported,1
CVD-SYN-ACT-FIX-0715,V3-31-023,SYN-A031-Q009,Q009,supported,1
CVD-SYN-ACT-FIX-0716,V3-31-024,SYN-A031-Q009,Q009,supported,1
CVD-SYN-ACT-FIX-0717,V3-31-025,SYN-A031-Q009,Q009,supported,1
CVD-SYN-ACT-FIX-0718,V3-31-026,SYN-A031-Q009,Q009,supported,1
CVD-SYN-ACT-FIX-0719,V3-31-027,SYN-A031-Q009,Q009,supported,1
CVD-SYN-ACT-FIX-0720,V3-31-028,SYN-A031-Q009,Q009,supported,1
CVD-SYN-ACT-FIX-0721,V3-31-029,SYN-A031-Q009,Q009,supported,1
CVD-SYN-ACT-FIX-0722,V3-31-030,SYN-A031-Q009,Q009,supported,1
CVD-SYN-ACT-FIX-0723,V3-31-031,SYN-A031-Q009,Q009,supported,1
CVD-SYN-ACT-FIX-0724,V3-31-032,SYN-A031-Q009,Q009,supported,1
CVD-SYN-ACT-FIX-0725,V3-31-033,SYN-A031-Q009,Q009,supported,1
CVD-SYN-ACT-FIX-0726,V3-31-034,SYN-A031-Q009,Q009,supported,1
CVD-SYN-ACT-FIX-0727,V3-31-035,SYN-A031-Q009,Q009,supported,1
CVD-SYN-ACT-FIX-0728,V3-31-036,SYN-A031-Q009,Q009,supported,1
CVD-SYN-ACT-FIX-0729,V3-31-037,SYN-A031-Q009,Q009,supported,1
CVD-SYN-ACT-FIX-0730,V3-31-038,SYN-A031-Q009,Q009,supported,1
CVD-SYN-ACT-FIX-0731,V3-31-039,SYN-A031-Q009,Q009,supported,1
CVD-SYN-ACT-FIX-0732,V3-31-040,SYN-A031-Q009,Q009,supported,1
CVD-SYN-ACT-FIX-0733,V3-31-041,SYN-A031-Q009,Q009,supported,1
CVD-SYN-ACT-FIX-0734,V3-31-042,SYN-A031-Q009,Q009,supported,1
CVD-SYN-ACT-FIX-0735,V3-31-043,SYN-A031-Q009,Q009,supported,1
CVD-SYN-ACT-FIX-0736,V3-31-044,SYN-A031-Q009,Q009,supported,1
CVD-SYN-ACT-FIX-0737,V3-31-045,SYN-A031-Q009,Q009,supported,1
CVD-SYN-ACT-FIX-0738,V3-31-046,SYN-A031-Q009,Q009,supported,1
CVD-SYN-ACT-FIX-0739,V3-31-047,SYN-A031-Q009,Q009,supported,1
CVD-SYN-ACT-FIX-0740,V3-31-048,SYN-A031-Q009,Q009,supported,1
CVD-SYN-ACT-FIX-0741,V3-31-049,SYN-A031-Q009,Q009,supported,1
CVD-SYN-ACT-FIX-0742,V3-31-050,SYN-A031-Q009,Q009,supported,1
CVD-SYN-ACT-FIX-0743,V3-31-051,SYN-A031-Q009,Q009,supported,1
CVD-SYN-ACT-FIX-0744,V3-31-052,SYN-A031-Q009,Q009,supported,1
CVD-SYN-ACT-FIX-0745,V3-31-053,SYN-A031-Q009,Q009,supported,2
CVD-SYN-ACT-FIX-0746,V3-31-054,SYN-A031-Q009,Q009,supported,1
CVD-SYN-ACT-FIX-0747,V3-31-055,SYN-A031-Q009,Q009,supported,1
CVD-SYN-ACT-FIX-0748,V3-31-056,SYN-A031-Q009,Q009,supported,1
CVD-SYN-ACT-FIX-0749,V3-31-057,SYN-A031-Q009,Q009,supported,1
CVD-SYN-ACT-FIX-0750,V3-31-058,SYN-A031-Q009,Q009,supported,1
CVD-SYN-ACT-FIX-0751,V3-31-059,SYN-A031-Q009,Q009,supported,1
CVD-SYN-ACT-FIX-0752,V3-31-060,SYN-A031-Q009,Q009,supported,1
CVD-SYN-ACT-FIX-0753,V3-31-061,SYN-A031-Q009,Q009,supported,1
CVD-SYN-ACT-FIX-0754,V3-31-062,SYN-A031-Q009,Q009,supported,1
CVD-SYN-ACT-FIX-0755,V3-31-063,SYN-A031-Q009,Q009,supported,1
CVD-SYN-ACT-FIX-0756,V3-31-064,SYN-A031-Q009,Q009,supported,1
CVD-SYN-ACT-FIX-0757,V3-31-065,SYN-A031-Q009,Q009,supported,56
CVD-SYN-ACT-FIX-0758,V3-31-066,SYN-A031-Q009,Q009,supported,2
CVD-SYN-ACT-FIX-0759,V3-31-067,SYN-A031-Q009,Q009,supported,56
CVD-SYN-ACT-FIX-0760,V3-31-068,SYN-A031-Q009,Q009,supported,2
CVD-SYN-ACT-FIX-0761,V3-31-069,SYN-A031-Q009,Q009,supported,56
CVD-SYN-ACT-FIX-0762,V3-31-070,SYN-A031-Q009,Q009,supported,2
CVD-SYN-ACT-FIX-0763,V3-31-071,SYN-A031-Q009,Q009,supported,2
CVD-SYN-ACT-FIX-0764,V3-31-072,SYN-A031-Q009,Q009,supported,2
CVD-SYN-ACT-FIX-0765,V3-31-073,SYN-A031-Q009,Q009,supported,2
CVD-SYN-ACT-FIX-0766,V3-31-074,SYN-A031-Q009,Q009,supported,1
CVD-SYN-ACT-FIX-0767,V3-31-075,SYN-A031-Q009,Q009,supported,1
CVD-SYN-ACT-FIX-0768,V3-32-001,SYN-A032-Q010,Q010,supported,10
CVD-SYN-ACT-FIX-0769,V3-32-002,SYN-A032-Q010,Q010,supported,10
CVD-SYN-ACT-FIX-0770,V3-32-003,SYN-A032-Q010,Q010,supported,10
CVD-SYN-ACT-FIX-0771,V3-32-004,SYN-A032-Q010,Q010,supported,10
CVD-SYN-ACT-FIX-0772,V3-32-005,SYN-A032-Q010,Q010,supported,1
CVD-SYN-ACT-FIX-0773,V3-32-006,SYN-A032-Q010,Q010,supported,1
CVD-SYN-ACT-FIX-0774,V3-32-007,SYN-A032-Q010,Q010,supported,1
CVD-SYN-ACT-FIX-0775,V3-32-008,SYN-A032-Q010,Q010,supported,2
CVD-SYN-ACT-FIX-0776,V3-32-009,SYN-A032-Q010,Q010,unsupported,1
CVD-SYN-ACT-FIX-0777,V3-32-010,SYN-A032-Q010,Q010,supported,3
CVD-SYN-ACT-FIX-0778,V3-32-011,SYN-A032-Q010,Q010,supported,10
CVD-SYN-ACT-FIX-0779,V3-32-012,SYN-A032-Q010,Q010,supported,1
CVD-SYN-ACT-FIX-0780,V3-32-013,SYN-A032-Q010,Q010,supported,2
CVD-SYN-ACT-FIX-0781,V3-32-014,SYN-A032-Q010,Q010,supported,10
CVD-SYN-ACT-FIX-0782,V3-32-015,SYN-A032-Q010,Q010,supported,2
CVD-SYN-ACT-FIX-0783,V3-32-016,SYN-A032-Q010,Q010,supported,2
CVD-SYN-ACT-FIX-0784,V3-32-017,SYN-A032-Q010,Q010,supported,2
CVD-SYN-ACT-FIX-0785,V3-32-018,SYN-A032-Q010,Q010,supported,1
CVD-SYN-ACT-FIX-0786,V3-32-019,SYN-A032-Q010,Q010,supported,2
CVD-SYN-ACT-FIX-0787,V3-32-020,SYN-A032-Q010,Q010,unsupported,2
CVD-SYN-ACT-FIX-0788,V3-32-021,SYN-A032-Q010,Q010,supported,2
CVD-SYN-ACT-FIX-0789,V3-32-022,SYN-A032-Q010,Q010,supported,3
CVD-SYN-ACT-FIX-0790,V3-33-001,SYN-A033-Q011,Q011,supported,1
CVD-SYN-ACT-FIX-0791,V3-33-002,SYN-A033-Q011,Q011,supported,1
CVD-SYN-ACT-FIX-0792,V3-33-003,SYN-A033-Q011,Q011,supported,6
CVD-SYN-ACT-FIX-0793,V3-33-004,SYN-A033-Q011,Q011,supported,2
CVD-SYN-ACT-FIX-0794,V3-33-005,SYN-A033-Q011,Q011,supported,1
CVD-SYN-ACT-FIX-0795,V3-33-006,SYN-A033-Q011,Q011,supported,1
CVD-SYN-ACT-FIX-0796,V3-33-007,SYN-A033-Q011,Q011,unsupported,3
CVD-SYN-ACT-FIX-0797,V3-33-008,SYN-A033-Q011,Q011,supported,6
CVD-SYN-ACT-FIX-0798,V3-33-009,SYN-A033-Q011,Q011,supported,3
CVD-SYN-ACT-FIX-0799,V3-33-010,SYN-A033-Q011,Q011,supported,1
CVD-SYN-ACT-FIX-0800,V3-33-011,SYN-A033-Q011,Q011,unsupported,6
CVD-SYN-ACT-FIX-0801,V3-33-012,SYN-A033-Q011,Q011,supported,1
CVD-SYN-ACT-FIX-0802,V3-33-013,SYN-A033-Q011,Q011,unsupported,1
CVD-SYN-ACT-FIX-0803,V3-33-014,SYN-A033-Q011,Q011,supported,2
CVD-SYN-ACT-FIX-0804,V3-33-015,SYN-A033-Q011,Q011,unsupported,1
CVD-SYN-ACT-FIX-0805,V3-33-016,SYN-A033-Q011,Q011,supported,1
CVD-SYN-ACT-FIX-0806,V3-33-017,SYN-A033-Q011,Q011,supported,4
CVD-SYN-ACT-FIX-0807,V3-33-018,SYN-A033-Q011,Q011,supported,6
CVD-SYN-ACT-FIX-0808,V3-35-001,SYN-A035-Q013,Q013,supported,1
CVD-SYN-ACT-FIX-0809,V3-35-002,SYN-A035-Q013,Q013,supported,1
CVD-SYN-ACT-FIX-0810,V3-35-003,SYN-A035-Q013,Q013,supported,5
CVD-SYN-ACT-FIX-0811,V3-35-004,SYN-A035-Q013,Q013,supported,1
CVD-SYN-ACT-FIX-0812,V3-35-005,SYN-A035-Q013,Q013,supported,3
CVD-SYN-ACT-FIX-0813,V3-35-006,SYN-A035-Q013,Q013,supported,1
CVD-SYN-ACT-FIX-0814,V3-35-007,SYN-A035-Q013,Q013,supported,1
CVD-SYN-ACT-FIX-0815,V3-35-008,SYN-A035-Q013,Q013,supported,1
CVD-SYN-ACT-FIX-0816,V3-36-001,SYN-A036-Q014,Q014,supported,11
CVD-SYN-ACT-FIX-0817,V3-36-002,SYN-A036-Q014,Q014,unsupported,1
CVD-SYN-ACT-FIX-0818,V3-36-003,SYN-A036-Q014,Q014,supported,11
CVD-SYN-ACT-FIX-0819,V3-36-004,SYN-A036-Q014,Q014,supported,11
CVD-SYN-ACT-FIX-0820,V3-36-005,SYN-A036-Q014,Q014,supported,1
CVD-SYN-ACT-FIX-0821,V3-36-006,SYN-A036-Q014,Q014,unsupported,1
CVD-SYN-ACT-FIX-0822,V3-36-007,SYN-A036-Q014,Q014,supported,11
CVD-SYN-ACT-FIX-0823,V3-36-008,SYN-A036-Q014,Q014,supported,11
CVD-SYN-ACT-FIX-0824,V3-36-009,SYN-A036-Q014,Q014,supported,1
CVD-SYN-ACT-FIX-0825,V3-36-010,SYN-A036-Q014,Q014,supported,11
CVD-SYN-ACT-FIX-0826,V3-36-011,SYN-A036-Q014,Q014,supported,11
CVD-SYN-ACT-FIX-0827,V3-36-012,SYN-A036-Q014,Q014,unsupported,2
CVD-SYN-ACT-FIX-0828,V3-36-013,SYN-A036-Q014,Q014,supported,1
CVD-SYN-ACT-FIX-0829,V3-36-014,SYN-A036-Q014,Q014,unsupported,2
CVD-SYN-ACT-FIX-0830,V3-36-015,SYN-A036-Q014,Q014,supported,11
CVD-SYN-ACT-FIX-0831,V3-36-016,SYN-A036-Q014,Q014,supported,1
CVD-SYN-ACT-FIX-0832,V3-36-017,SYN-A036-Q014,Q014,supported,2
CVD-SYN-ACT-FIX-0833,V3-36-018,SYN-A036-Q014,Q014,supported,1
CVD-SYN-ACT-FIX-0834,V3-36-019,SYN-A036-Q014,Q014,supported,4
CVD-SYN-ACT-FIX-0835,V3-36-020,SYN-A036-Q014,Q014,supported,1
CVD-SYN-ACT-FIX-0836,V3-36-021,SYN-A036-Q014,Q014,supported,3
CVD-SYN-ACT-FIX-0837,V3-36-022,SYN-A036-Q014,Q014,supported,2
CVD-SYN-ACT-FIX-0838,V3-36-023,SYN-A036-Q014,Q014,unsupported,3
CVD-SYN-ACT-FIX-0839,V3-36-024,SYN-A036-Q014,Q014,supported,4
CVD-SYN-ACT-FIX-0840,V3-36-025,SYN-A036-Q014,Q014,supported,2
CVD-SYN-ACT-FIX-0841,V3-36-026,SYN-A036-Q014,Q014,supported,11
CVD-SYN-ACT-FIX-0842,V3-36-027,SYN-A036-Q014,Q014,supported,11
CVD-SYN-ACT-FIX-0843,V3-36-028,SYN-A036-Q014,Q014,supported,3
CVD-SYN-ACT-FIX-0844,V3-36-029,SYN-A036-Q014,Q014,supported,5
CVD-SYN-ACT-FIX-0845,V3-38-001,SYN-A038-Q016,Q016,supported,7
CVD-SYN-ACT-FIX-0846,V3-38-002,SYN-A038-Q016,Q016,supported,7
CVD-SYN-ACT-FIX-0847,V3-38-003,SYN-A038-Q016,Q016,supported,7
CVD-SYN-ACT-FIX-0848,V3-38-004,SYN-A038-Q016,Q016,supported,1
CVD-SYN-ACT-FIX-0849,V3-38-005,SYN-A038-Q016,Q016,supported,1
CVD-SYN-ACT-FIX-0850,V3-38-006,SYN-A038-Q016,Q016,supported,1
CVD-SYN-ACT-FIX-0851,V3-38-007,SYN-A038-Q016,Q016,supported,1
CVD-SYN-ACT-FIX-0852,V3-38-008,SYN-A038-Q016,Q016,supported,1
CVD-SYN-ACT-FIX-0853,V3-38-009,SYN-A038-Q016,Q016,supported,1
CVD-SYN-ACT-FIX-0854,V3-38-010,SYN-A038-Q016,Q016,supported,1
CVD-SYN-ACT-FIX-0855,V3-38-011,SYN-A038-Q016,Q016,supported,1
CVD-SYN-ACT-FIX-0856,V3-38-012,SYN-A038-Q016,Q016,supported,1
CVD-SYN-ACT-FIX-0857,V3-38-013,SYN-A038-Q016,Q016,supported,1
CVD-SYN-ACT-FIX-0858,V3-38-014,SYN-A038-Q016,Q016,supported,1
CVD-SYN-ACT-FIX-0859,V3-38-015,SYN-A038-Q016,Q016,supported,1
CVD-SYN-ACT-FIX-0860,V3-38-016,SYN-A038-Q016,Q016,supported,1
CVD-SYN-ACT-FIX-0861,V3-38-017,SYN-A038-Q016,Q016,supported,1
CVD-SYN-ACT-FIX-0862,V3-38-018,SYN-A038-Q016,Q016,supported,7
CVD-SYN-ACT-FIX-0863,V3-38-019,SYN-A038-Q016,Q016,supported,3
CVD-SYN-ACT-FIX-0864,V3-38-020,SYN-A038-Q016,Q016,supported,2
CVD-SYN-ACT-FIX-0865,V3-38-021,SYN-A038-Q016,Q016,supported,7
CVD-SYN-ACT-FIX-0866,V3-40-001,SYN-A040-Q018,Q018,supported,57
CVD-SYN-ACT-FIX-0867,V3-40-002,SYN-A040-Q018,Q018,supported,1
CVD-SYN-ACT-FIX-0868,V3-40-003,SYN-A040-Q018,Q018,supported,57
CVD-SYN-ACT-FIX-0869,V3-40-004,SYN-A040-Q018,Q018,supported,1
CVD-SYN-ACT-FIX-0870,V3-40-005,SYN-A040-Q018,Q018,supported,1
CVD-SYN-ACT-FIX-0871,V3-40-006,SYN-A040-Q018,Q018,supported,1
CVD-SYN-ACT-FIX-0872,V3-40-007,SYN-A040-Q018,Q018,supported,1
CVD-SYN-ACT-FIX-0873,V3-40-008,SYN-A040-Q018,Q018,supported,1
CVD-SYN-ACT-FIX-0874,V3-40-009,SYN-A040-Q018,Q018,supported,1
CVD-SYN-ACT-FIX-0875,V3-40-010,SYN-A040-Q018,Q018,supported,1
CVD-SYN-ACT-FIX-0876,V3-40-011,SYN-A040-Q018,Q018,supported,1
CVD-SYN-ACT-FIX-0877,V3-40-012,SYN-A040-Q018,Q018,supported,1
CVD-SYN-ACT-FIX-0878,V3-40-013,SYN-A040-Q018,Q018,supported,1
CVD-SYN-ACT-FIX-0879,V3-40-014,SYN-A040-Q018,Q018,supported,1
CVD-SYN-ACT-FIX-0880,V3-40-015,SYN-A040-Q018,Q018,supported,1
CVD-SYN-ACT-FIX-0881,V3-40-016,SYN-A040-Q018,Q018,supported,1
CVD-SYN-ACT-FIX-0882,V3-40-017,SYN-A040-Q018,Q018,supported,1
CVD-SYN-ACT-FIX-0883,V3-40-018,SYN-A040-Q018,Q018,supported,1
CVD-SYN-ACT-FIX-0884,V3-40-019,SYN-A040-Q018,Q018,supported,4
CVD-SYN-ACT-FIX-0885,V3-40-020,SYN-A040-Q018,Q018,supported,57
CVD-SYN-ACT-FIX-0886,V3-40-021,SYN-A040-Q018,Q018,supported,1
CVD-SYN-ACT-FIX-0887,V3-40-022,SYN-A040-Q018,Q018,supported,1
CVD-SYN-ACT-FIX-0888,V3-40-023,SYN-A040-Q018,Q018,supported,1
CVD-SYN-ACT-FIX-0889,V3-40-024,SYN-A040-Q018,Q018,supported,1
CVD-SYN-ACT-FIX-0890,V3-40-025,SYN-A040-Q018,Q018,supported,1
CVD-SYN-ACT-FIX-0891,V3-40-026,SYN-A040-Q018,Q018,supported,1
CVD-SYN-ACT-FIX-0892,V3-40-027,SYN-A040-Q018,Q018,supported,1
CVD-SYN-ACT-FIX-0893,V3-40-028,SYN-A040-Q018,Q018,supported,1
CVD-SYN-ACT-FIX-0894,V3-40-029,SYN-A040-Q018,Q018,supported,1
CVD-SYN-ACT-FIX-0895,V3-40-030,SYN-A040-Q018,Q018,supported,1
CVD-SYN-ACT-FIX-0896,V3-40-031,SYN-A040-Q018,Q018,supported,1
CVD-SYN-ACT-FIX-0897,V3-40-032,SYN-A040-Q018,Q018,supported,1
CVD-SYN-ACT-FIX-0898,V3-40-033,SYN-A040-Q018,Q018,supported,1
CVD-SYN-ACT-FIX-0899,V3-40-034,SYN-A040-Q018,Q018,supported,1
CVD-SYN-ACT-FIX-0900,V3-40-035,SYN-A040-Q018,Q018,supported,1
CVD-SYN-ACT-FIX-0901,V3-40-036,SYN-A040-Q018,Q018,supported,1
CVD-SYN-ACT-FIX-0902,V3-40-037,SYN-A040-Q018,Q018,supported,1
CVD-SYN-ACT-FIX-0903,V3-40-038,SYN-A040-Q018,Q018,supported,1
CVD-SYN-ACT-FIX-0904,V3-40-039,SYN-A040-Q018,Q018,supported,1
CVD-SYN-ACT-FIX-0905,V3-40-040,SYN-A040-Q018,Q018,supported,1
CVD-SYN-ACT-FIX-0906,V3-40-041,SYN-A040-Q018,Q018,supported,1
CVD-SYN-ACT-FIX-0907,V3-40-042,SYN-A040-Q018,Q018,supported,1
CVD-SYN-ACT-FIX-0908,V3-40-043,SYN-A040-Q018,Q018,supported,1
CVD-SYN-ACT-FIX-0909,V3-40-044,SYN-A040-Q018,Q018,supported,1
CVD-SYN-ACT-FIX-0910,V3-40-045,SYN-A040-Q018,Q018,supported,1
CVD-SYN-ACT-FIX-0911,V3-40-046,SYN-A040-Q018,Q018,supported,1
CVD-SYN-ACT-FIX-0912,V3-40-047,SYN-A040-Q018,Q018,supported,1
CVD-SYN-ACT-FIX-0913,V3-40-048,SYN-A040-Q018,Q018,supported,1
CVD-SYN-ACT-FIX-0914,V3-40-049,SYN-A040-Q018,Q018,supported,1
CVD-SYN-ACT-FIX-0915,V3-40-050,SYN-A040-Q018,Q018,supported,1
CVD-SYN-ACT-FIX-0916,V3-40-051,SYN-A040-Q018,Q018,supported,1
CVD-SYN-ACT-FIX-0917,V3-40-052,SYN-A040-Q018,Q018,supported,1
CVD-SYN-ACT-FIX-0918,V3-40-053,SYN-A040-Q018,Q018,supported,1
CVD-SYN-ACT-FIX-0919,V3-40-054,SYN-A040-Q018,Q018,supported,1
CVD-SYN-ACT-FIX-0920,V3-40-055,SYN-A040-Q018,Q018,supported,4
CVD-SYN-ACT-FIX-0921,V3-40-056,SYN-A040-Q018,Q018,supported,1
CVD-SYN-ACT-FIX-0922,V3-40-057,SYN-A040-Q018,Q018,supported,2
CVD-SYN-ACT-FIX-0923,V3-40-058,SYN-A040-Q018,Q018,supported,1
CVD-SYN-ACT-FIX-0924,V3-40-059,SYN-A040-Q018,Q018,supported,57
CVD-SYN-ACT-FIX-0925,V3-40-060,SYN-A040-Q018,Q018,supported,1
CVD-SYN-ACT-FIX-0926,V3-40-061,SYN-A040-Q018,Q018,supported,1
CVD-SYN-ACT-FIX-0927,V3-40-062,SYN-A040-Q018,Q018,supported,1
CVD-SYN-ACT-FIX-0928,V3-40-063,SYN-A040-Q018,Q018,supported,2
CVD-SYN-ACT-FIX-0929,V3-40-064,SYN-A040-Q018,Q018,supported,1
CVD-SYN-ACT-FIX-0930,V3-40-065,SYN-A040-Q018,Q018,supported,5
CVD-SYN-ACT-FIX-0931,V3-40-066,SYN-A040-Q018,Q018,supported,3
CVD-SYN-ACT-FIX-0932,V3-40-067,SYN-A040-Q018,Q018,supported,1
CVD-SYN-ACT-FIX-0933,V3-40-068,SYN-A040-Q018,Q018,supported,2
CVD-SYN-ACT-FIX-0934,V3-40-069,SYN-A040-Q018,Q018,supported,1
CVD-SYN-ACT-FIX-0935,V3-40-070,SYN-A040-Q018,Q018,supported,57
CVD-SYN-ACT-FIX-0936,V3-40-071,SYN-A040-Q018,Q018,supported,57
CVD-SYN-ACT-FIX-0937,V3-40-072,SYN-A040-Q018,Q018,unsupported,3
CVD-SYN-ACT-FIX-0938,V3-40-073,SYN-A040-Q018,Q018,supported,3
CVD-SYN-ACT-FIX-0939,V3-40-074,SYN-A040-Q018,Q018,supported,1
CVD-SYN-ACT-FIX-0940,V3-40-075,SYN-A040-Q018,Q018,supported,57
CVD-SYN-ACT-FIX-0941,V3-41-001,SYN-A041-Q019,Q019,supported,1
CVD-SYN-ACT-FIX-0942,V3-41-002,SYN-A041-Q019,Q019,supported,10
CVD-SYN-ACT-FIX-0943,V3-41-003,SYN-A041-Q019,Q019,unsupported,10
CVD-SYN-ACT-FIX-0944,V3-41-004,SYN-A041-Q019,Q019,supported,1
CVD-SYN-ACT-FIX-0945,V3-41-005,SYN-A041-Q019,Q019,supported,1
CVD-SYN-ACT-FIX-0946,V3-41-006,SYN-A041-Q019,Q019,supported,1
CVD-SYN-ACT-FIX-0947,V3-41-007,SYN-A041-Q019,Q019,supported,1
CVD-SYN-ACT-FIX-0948,V3-41-008,SYN-A041-Q019,Q019,supported,1
CVD-SYN-ACT-FIX-0949,V3-41-009,SYN-A041-Q019,Q019,supported,2
CVD-SYN-ACT-FIX-0950,V3-41-010,SYN-A041-Q019,Q019,supported,1
CVD-SYN-ACT-FIX-0951,V3-41-011,SYN-A041-Q019,Q019,supported,10
CVD-SYN-ACT-FIX-0952,V3-41-012,SYN-A041-Q019,Q019,supported,1
CVD-SYN-ACT-FIX-0953,V3-41-013,SYN-A041-Q019,Q019,supported,1
CVD-SYN-ACT-FIX-0954,V3-41-014,SYN-A041-Q019,Q019,unsupported,1
CVD-SYN-ACT-FIX-0955,V3-41-015,SYN-A041-Q019,Q019,supported,10
CVD-SYN-ACT-FIX-0956,V3-41-016,SYN-A041-Q019,Q019,supported,2
CVD-SYN-ACT-FIX-0957,V3-41-017,SYN-A041-Q019,Q019,supported,2
CVD-SYN-ACT-FIX-0958,V3-41-018,SYN-A041-Q019,Q019,supported,1
CVD-SYN-ACT-FIX-0959,V3-41-019,SYN-A041-Q019,Q019,supported,3
CVD-SYN-ACT-FIX-0960,V3-41-020,SYN-A041-Q019,Q019,supported,1
CVD-SYN-ACT-FIX-0961,V3-41-021,SYN-A041-Q019,Q019,supported,2
CVD-SYN-ACT-FIX-0962,V3-41-022,SYN-A041-Q019,Q019,supported,1
CVD-SYN-ACT-FIX-0963,V3-41-023,SYN-A041-Q019,Q019,supported,1
CVD-SYN-ACT-FIX-0964,V3-41-024,SYN-A041-Q019,Q019,supported,10
CVD-SYN-ACT-FIX-0965,V3-41-025,SYN-A041-Q019,Q019,supported,10
CVD-SYN-ACT-FIX-0966,V3-42-001,SYN-A042-Q020,Q020,supported,10
CVD-SYN-ACT-FIX-0967,V3-42-002,SYN-A042-Q020,Q020,supported,10
CVD-SYN-ACT-FIX-0968,V3-42-003,SYN-A042-Q020,Q020,supported,10
CVD-SYN-ACT-FIX-0969,V3-42-004,SYN-A042-Q020,Q020,supported,10
CVD-SYN-ACT-FIX-0970,V3-42-005,SYN-A042-Q020,Q020,supported,10
CVD-SYN-ACT-FIX-0971,V3-42-006,SYN-A042-Q020,Q020,supported,1
CVD-SYN-ACT-FIX-0972,V3-42-007,SYN-A042-Q020,Q020,supported,1
CVD-SYN-ACT-FIX-0973,V3-42-008,SYN-A042-Q020,Q020,supported,10
CVD-SYN-ACT-FIX-0974,V3-42-009,SYN-A042-Q020,Q020,supported,1
CVD-SYN-ACT-FIX-0975,V3-42-010,SYN-A042-Q020,Q020,supported,10
CVD-SYN-ACT-FIX-0976,V3-42-011,SYN-A042-Q020,Q020,supported,1
CVD-SYN-ACT-FIX-0977,V3-42-012,SYN-A042-Q020,Q020,unsupported,10
CVD-SYN-ACT-FIX-0978,V3-42-013,SYN-A042-Q020,Q020,supported,1
CVD-SYN-ACT-FIX-0979,V3-42-014,SYN-A042-Q020,Q020,supported,1
CVD-SYN-ACT-FIX-0980,V3-42-015,SYN-A042-Q020,Q020,supported,10
CVD-SYN-ACT-FIX-0981,V3-42-016,SYN-A042-Q020,Q020,supported,1
CVD-SYN-ACT-FIX-0982,V3-42-017,SYN-A042-Q020,Q020,supported,1
CVD-SYN-ACT-FIX-0983,V3-42-018,SYN-A042-Q020,Q020,supported,10
CVD-SYN-ACT-FIX-0984,V3-42-019,SYN-A042-Q020,Q020,supported,1
CVD-SYN-ACT-FIX-0985,V3-42-020,SYN-A042-Q020,Q020,unsupported,10
CVD-SYN-ACT-FIX-0986,V3-42-021,SYN-A042-Q020,Q020,supported,1
CVD-SYN-ACT-FIX-0987,V3-42-022,SYN-A042-Q020,Q020,supported,1
CVD-SYN-ACT-FIX-0988,V3-42-023,SYN-A042-Q020,Q020,supported,1
CVD-SYN-ACT-FIX-0989,V3-42-024,SYN-A042-Q020,Q020,supported,2
CVD-SYN-ACT-FIX-0990,V3-42-025,SYN-A042-Q020,Q020,supported,10
CVD-SYN-ACT-FIX-0991,V3-42-026,SYN-A042-Q020,Q020,supported,1
CVD-SYN-ACT-FIX-0992,V3-42-027,SYN-A042-Q020,Q020,supported,1
CVD-SYN-ACT-FIX-0993,V3-42-028,SYN-A042-Q020,Q020,supported,10
CVD-SYN-ACT-FIX-0994,V3-42-029,SYN-A042-Q020,Q020,supported,3
CVD-SYN-ACT-FIX-0995,V3-42-030,SYN-A042-Q020,Q020,supported,5
CVD-SYN-ACT-FIX-0996,V3-43-001,SYN-A043-Q021,Q021,supported,10
CVD-SYN-ACT-FIX-0997,V3-43-002,SYN-A043-Q021,Q021,supported,1
CVD-SYN-ACT-FIX-0998,V3-43-003,SYN-A043-Q021,Q021,supported,1
CVD-SYN-ACT-FIX-0999,V3-43-004,SYN-A043-Q021,Q021,supported,2
CVD-SYN-ACT-FIX-1000,V3-43-005,SYN-A043-Q021,Q021,supported,10
CVD-SYN-ACT-FIX-1001,V3-43-006,SYN-A043-Q021,Q021,supported,10
CVD-SYN-ACT-FIX-1002,V3-43-007,SYN-A043-Q021,Q021,supported,1
CVD-SYN-ACT-FIX-1003,V3-43-008,SYN-A043-Q021,Q021,supported,1
CVD-SYN-ACT-FIX-1004,V3-43-009,SYN-A043-Q021,Q021,supported,1
CVD-SYN-ACT-FIX-1005,V3-43-010,SYN-A043-Q021,Q021,supported,10
CVD-SYN-ACT-FIX-1006,V3-43-011,SYN-A043-Q021,Q021,supported,1
CVD-SYN-ACT-FIX-1007,V3-43-012,SYN-A043-Q021,Q021,supported,1
CVD-SYN-ACT-FIX-1008,V3-43-013,SYN-A043-Q021,Q021,supported,3
CVD-SYN-ACT-FIX-1009,V3-43-014,SYN-A043-Q021,Q021,supported,4
CVD-SYN-ACT-FIX-1010,V3-43-015,SYN-A043-Q021,Q021,unsupported,3
CVD-SYN-ACT-FIX-1011,V3-43-016,SYN-A043-Q021,Q021,supported,2
CVD-SYN-ACT-FIX-1012,V3-43-017,SYN-A043-Q021,Q021,unsupported,10
CVD-SYN-ACT-FIX-1013,V3-43-018,SYN-A043-Q021,Q021,supported,2
CVD-SYN-ACT-FIX-1014,V3-44-001,SYN-A044-Q022,Q022,supported,30
CVD-SYN-ACT-FIX-1015,V3-44-002,SYN-A044-Q022,Q022,supported,23
CVD-SYN-ACT-FIX-1016,V3-44-003,SYN-A044-Q022,Q022,supported,1
CVD-SYN-ACT-FIX-1017,V3-44-004,SYN-A044-Q022,Q022,supported,30
CVD-SYN-ACT-FIX-1018,V3-44-005,SYN-A044-Q022,Q022,supported,30
CVD-SYN-ACT-FIX-1019,V3-44-006,SYN-A044-Q022,Q022,supported,30
CVD-SYN-ACT-FIX-1020,V3-44-007,SYN-A044-Q022,Q022,supported,2
CVD-SYN-ACT-FIX-1021,V3-44-008,SYN-A044-Q022,Q022,supported,30
CVD-SYN-ACT-FIX-1022,V3-44-009,SYN-A044-Q022,Q022,supported,30
CVD-SYN-ACT-FIX-1023,V3-44-010,SYN-A044-Q022,Q022,supported,30
CVD-SYN-ACT-FIX-1024,V3-44-011,SYN-A044-Q022,Q022,supported,2
CVD-SYN-ACT-FIX-1025,V3-44-012,SYN-A044-Q022,Q022,supported,2
CVD-SYN-ACT-FIX-1026,V3-44-013,SYN-A044-Q022,Q022,supported,2
CVD-SYN-ACT-FIX-1027,V3-44-014,SYN-A044-Q022,Q022,supported,4
CVD-SYN-ACT-FIX-1028,V3-44-015,SYN-A044-Q022,Q022,supported,1
CVD-SYN-ACT-FIX-1029,V3-44-016,SYN-A044-Q022,Q022,supported,1
CVD-SYN-ACT-FIX-1030,V3-44-017,SYN-A044-Q022,Q022,supported,1
CVD-SYN-ACT-FIX-1031,V3-44-018,SYN-A044-Q022,Q022,supported,1
CVD-SYN-ACT-FIX-1032,V3-44-019,SYN-A044-Q022,Q022,supported,30
CVD-SYN-ACT-FIX-1033,V3-44-020,SYN-A044-Q022,Q022,supported,30
CVD-SYN-ACT-FIX-1034,V3-44-021,SYN-A044-Q022,Q022,supported,2
CVD-SYN-ACT-FIX-1035,V3-44-022,SYN-A044-Q022,Q022,supported,2
CVD-SYN-ACT-FIX-1036,V3-44-023,SYN-A044-Q022,Q022,supported,3
CVD-SYN-ACT-FIX-1037,V3-44-024,SYN-A044-Q022,Q022,supported,30
CVD-SYN-ACT-FIX-1038,V3-44-025,SYN-A044-Q022,Q022,unsupported,2
CVD-SYN-ACT-FIX-1039,V3-44-026,SYN-A044-Q022,Q022,unsupported,30
CVD-SYN-ACT-FIX-1040,V3-44-027,SYN-A044-Q022,Q022,supported,2
CVD-SYN-ACT-FIX-1041,V3-45-001,SYN-A045-Q023,Q023,supported,9
CVD-SYN-ACT-FIX-1042,V3-45-002,SYN-A045-Q023,Q023,supported,9
CVD-SYN-ACT-FIX-1043,V3-45-003,SYN-A045-Q023,Q023,supported,9
CVD-SYN-ACT-FIX-1044,V3-45-004,SYN-A045-Q023,Q023,supported,9
CVD-SYN-ACT-FIX-1045,V3-45-005,SYN-A045-Q023,Q023,supported,2
CVD-SYN-ACT-FIX-1046,V3-45-006,SYN-A045-Q023,Q023,supported,1
CVD-SYN-ACT-FIX-1047,V3-45-007,SYN-A045-Q023,Q023,supported,1
CVD-SYN-ACT-FIX-1048,V3-45-008,SYN-A045-Q023,Q023,supported,1
CVD-SYN-ACT-FIX-1049,V3-45-009,SYN-A045-Q023,Q023,supported,1
CVD-SYN-ACT-FIX-1050,V3-45-010,SYN-A045-Q023,Q023,supported,1
CVD-SYN-ACT-FIX-1051,V3-45-011,SYN-A045-Q023,Q023,supported,1
CVD-SYN-ACT-FIX-1052,V3-45-012,SYN-A045-Q023,Q023,supported,1
CVD-SYN-ACT-FIX-1053,V3-45-013,SYN-A045-Q023,Q023,supported,1
CVD-SYN-ACT-FIX-1054,V3-45-014,SYN-A045-Q023,Q023,supported,2
CVD-SYN-ACT-FIX-1055,V3-45-015,SYN-A045-Q023,Q023,supported,1
CVD-SYN-ACT-FIX-1056,V3-45-016,SYN-A045-Q023,Q023,supported,9
CVD-SYN-ACT-FIX-1057,V3-45-017,SYN-A045-Q023,Q023,supported,1
CVD-SYN-ACT-FIX-1058,V3-45-018,SYN-A045-Q023,Q023,unsupported,9
CVD-SYN-ACT-FIX-1059,V3-45-019,SYN-A045-Q023,Q023,unsupported,1
CVD-SYN-ACT-FIX-1060,V3-46-001,SYN-A046-Q024,Q024,supported,58
CVD-SYN-ACT-FIX-1061,V3-46-002,SYN-A046-Q024,Q024,supported,58
CVD-SYN-ACT-FIX-1062,V3-46-003,SYN-A046-Q024,Q024,supported,50
CVD-SYN-ACT-FIX-1063,V3-46-004,SYN-A046-Q024,Q024,supported,58
CVD-SYN-ACT-FIX-1064,V3-46-005,SYN-A046-Q024,Q024,supported,58
CVD-SYN-ACT-FIX-1065,V3-46-006,SYN-A046-Q024,Q024,unsupported,1
CVD-SYN-ACT-FIX-1066,V3-46-007,SYN-A046-Q024,Q024,unsupported,1
CVD-SYN-ACT-FIX-1067,V3-46-008,SYN-A046-Q024,Q024,unsupported,1
CVD-SYN-ACT-FIX-1068,V3-46-009,SYN-A046-Q024,Q024,unsupported,1
CVD-SYN-ACT-FIX-1069,V3-46-010,SYN-A046-Q024,Q024,unsupported,1
CVD-SYN-ACT-FIX-1070,V3-46-011,SYN-A046-Q024,Q024,unsupported,1
CVD-SYN-ACT-FIX-1071,V3-46-012,SYN-A046-Q024,Q024,unsupported,1
CVD-SYN-ACT-FIX-1072,V3-46-013,SYN-A046-Q024,Q024,unsupported,1
CVD-SYN-ACT-FIX-1073,V3-46-014,SYN-A046-Q024,Q024,unsupported,1
CVD-SYN-ACT-FIX-1074,V3-46-015,SYN-A046-Q024,Q024,unsupported,1
CVD-SYN-ACT-FIX-1075,V3-46-016,SYN-A046-Q024,Q024,unsupported,1
CVD-SYN-ACT-FIX-1076,V3-46-017,SYN-A046-Q024,Q024,unsupported,1
CVD-SYN-ACT-FIX-1077,V3-46-018,SYN-A046-Q024,Q024,unsupported,1
CVD-SYN-ACT-FIX-1078,V3-46-019,SYN-A046-Q024,Q024,unsupported,1
CVD-SYN-ACT-FIX-1079,V3-46-020,SYN-A046-Q024,Q024,unsupported,1
CVD-SYN-ACT-FIX-1080,V3-46-021,SYN-A046-Q024,Q024,unsupported,1
CVD-SYN-ACT-FIX-1081,V3-46-022,SYN-A046-Q024,Q024,unsupported,1
CVD-SYN-ACT-FIX-1082,V3-46-023,SYN-A046-Q024,Q024,unsupported,1
CVD-SYN-ACT-FIX-1083,V3-46-024,SYN-A046-Q024,Q024,unsupported,1
CVD-SYN-ACT-FIX-1084,V3-46-025,SYN-A046-Q024,Q024,unsupported,1
CVD-SYN-ACT-FIX-1085,V3-46-026,SYN-A046-Q024,Q024,unsupported,1
CVD-SYN-ACT-FIX-1086,V3-46-027,SYN-A046-Q024,Q024,unsupported,1
CVD-SYN-ACT-FIX-1087,V3-46-028,SYN-A046-Q024,Q024,unsupported,1
CVD-SYN-ACT-FIX-1088,V3-46-029,SYN-A046-Q024,Q024,supported,58
CVD-SYN-ACT-FIX-1089,V3-46-030,SYN-A046-Q024,Q024,unsupported,1
CVD-SYN-ACT-FIX-1090,V3-46-031,SYN-A046-Q024,Q024,supported,58
CVD-SYN-ACT-FIX-1091,V3-46-032,SYN-A046-Q024,Q024,unsupported,1
CVD-SYN-ACT-FIX-1092,V3-46-033,SYN-A046-Q024,Q024,unsupported,1
CVD-SYN-ACT-FIX-1093,V3-46-034,SYN-A046-Q024,Q024,unsupported,1
CVD-SYN-ACT-FIX-1094,V3-46-035,SYN-A046-Q024,Q024,unsupported,1
CVD-SYN-ACT-FIX-1095,V3-46-036,SYN-A046-Q024,Q024,unsupported,1
CVD-SYN-ACT-FIX-1096,V3-46-037,SYN-A046-Q024,Q024,unsupported,1
CVD-SYN-ACT-FIX-1097,V3-46-038,SYN-A046-Q024,Q024,unsupported,1
CVD-SYN-ACT-FIX-1098,V3-46-039,SYN-A046-Q024,Q024,supported,58
CVD-SYN-ACT-FIX-1099,V3-46-040,SYN-A046-Q024,Q024,unsupported,1
CVD-SYN-ACT-FIX-1100,V3-46-041,SYN-A046-Q024,Q024,unsupported,1
CVD-SYN-ACT-FIX-1101,V3-46-042,SYN-A046-Q024,Q024,unsupported,1
CVD-SYN-ACT-FIX-1102,V3-46-043,SYN-A046-Q024,Q024,unsupported,1
CVD-SYN-ACT-FIX-1103,V3-46-044,SYN-A046-Q024,Q024,unsupported,1
CVD-SYN-ACT-FIX-1104,V3-46-045,SYN-A046-Q024,Q024,unsupported,1
CVD-SYN-ACT-FIX-1105,V3-46-046,SYN-A046-Q024,Q024,unsupported,1
CVD-SYN-ACT-FIX-1106,V3-46-047,SYN-A046-Q024,Q024,supported,58
CVD-SYN-ACT-FIX-1107,V3-46-048,SYN-A046-Q024,Q024,unsupported,1
CVD-SYN-ACT-FIX-1108,V3-46-049,SYN-A046-Q024,Q024,unsupported,1
CVD-SYN-ACT-FIX-1109,V3-46-050,SYN-A046-Q024,Q024,unsupported,1
CVD-SYN-ACT-FIX-1110,V3-46-051,SYN-A046-Q024,Q024,unsupported,1
CVD-SYN-ACT-FIX-1111,V3-46-052,SYN-A046-Q024,Q024,unsupported,1
CVD-SYN-ACT-FIX-1112,V3-46-053,SYN-A046-Q024,Q024,unsupported,1
CVD-SYN-ACT-FIX-1113,V3-46-054,SYN-A046-Q024,Q024,supported,58
CVD-SYN-ACT-FIX-1114,V3-46-055,SYN-A046-Q024,Q024,unsupported,1
CVD-SYN-ACT-FIX-1115,V3-46-056,SYN-A046-Q024,Q024,unsupported,1
CVD-SYN-ACT-FIX-1116,V3-46-057,SYN-A046-Q024,Q024,unsupported,1
CVD-SYN-ACT-FIX-1117,V3-46-058,SYN-A046-Q024,Q024,unsupported,1
CVD-SYN-ACT-FIX-1118,V3-46-059,SYN-A046-Q024,Q024,unsupported,1
CVD-SYN-ACT-FIX-1119,V3-46-060,SYN-A046-Q024,Q024,supported,58
CVD-SYN-ACT-FIX-1120,V3-46-061,SYN-A046-Q024,Q024,unsupported,1
CVD-SYN-ACT-FIX-1121,V3-46-062,SYN-A046-Q024,Q024,supported,58
CVD-SYN-ACT-FIX-1122,V3-46-063,SYN-A046-Q024,Q024,unsupported,23
CVD-SYN-ACT-FIX-1123,V3-46-064,SYN-A046-Q024,Q024,unsupported,12
CVD-SYN-ACT-FIX-1124,V3-46-065,SYN-A046-Q024,Q024,unsupported,26
CVD-SYN-ACT-FIX-1125,V3-46-066,SYN-A046-Q024,Q024,unsupported,11
CVD-SYN-ACT-FIX-1126,V3-46-067,SYN-A046-Q024,Q024,unsupported,7
CVD-SYN-ACT-FIX-1127,V3-46-068,SYN-A046-Q024,Q024,unsupported,1
CVD-SYN-ACT-FIX-1128,V3-46-069,SYN-A046-Q024,Q024,unsupported,1
CVD-SYN-ACT-FIX-1129,V3-46-070,SYN-A046-Q024,Q024,supported,2
CVD-SYN-ACT-FIX-1130,V3-46-071,SYN-A046-Q024,Q024,supported,58
CVD-SYN-ACT-FIX-1131,V3-46-072,SYN-A046-Q024,Q024,supported,58
CVD-SYN-ACT-FIX-1132,V3-46-073,SYN-A046-Q024,Q024,supported,1
CVD-SYN-ACT-FIX-1133,V3-46-074,SYN-A046-Q024,Q024,unsupported,3
CVD-SYN-ACT-FIX-1134,V3-46-075,SYN-A046-Q024,Q024,supported,1
CVD-SYN-ACT-FIX-1135,V3-46-076,SYN-A046-Q024,Q024,unsupported,11
CVD-SYN-ACT-FIX-1136,V3-46-077,SYN-A046-Q024,Q024,supported,58
CVD-SYN-ACT-FIX-1137,V3-46-078,SYN-A046-Q024,Q024,supported,2
CVD-SYN-ACT-FIX-1138,V3-46-079,SYN-A046-Q024,Q024,supported,1
CVD-SYN-ACT-FIX-1139,V3-46-080,SYN-A046-Q024,Q024,unsupported,5
CVD-SYN-ACT-FIX-1140,V3-46-081,SYN-A046-Q024,Q024,supported,2
CVD-SYN-ACT-FIX-1141,V3-46-082,SYN-A046-Q024,Q024,unsupported,5
CVD-SYN-ACT-FIX-1142,V3-46-083,SYN-A046-Q024,Q024,supported,1
CVD-SYN-ACT-FIX-1143,V3-46-084,SYN-A046-Q024,Q024,unsupported,1
CVD-SYN-ACT-FIX-1144,V3-46-085,SYN-A046-Q024,Q024,supported,4
CVD-SYN-ACT-FIX-1145,V3-46-086,SYN-A046-Q024,Q024,supported,58
CVD-SYN-ACT-FIX-1146,V3-46-087,SYN-A046-Q024,Q024,supported,58
CVD-SYN-ACT-FIX-1147,V3-46-088,SYN-A046-Q024,Q024,supported,6
CVD-SYN-ACT-FIX-1148,V3-46-089,SYN-A046-Q024,Q024,supported,58
CVD-SYN-ACT-FIX-1149,V3-48-001,SYN-A048-Q026,Q026,supported,52
CVD-SYN-ACT-FIX-1150,V3-48-002,SYN-A048-Q026,Q026,supported,52
CVD-SYN-ACT-FIX-1151,V3-48-003,SYN-A048-Q026,Q026,supported,52
CVD-SYN-ACT-FIX-1152,V3-48-004,SYN-A048-Q026,Q026,unsupported,4
CVD-SYN-ACT-FIX-1153,V3-48-005,SYN-A048-Q026,Q026,unsupported,4
CVD-SYN-ACT-FIX-1154,V3-48-006,SYN-A048-Q026,Q026,supported,52
CVD-SYN-ACT-FIX-1155,V3-48-007,SYN-A048-Q026,Q026,unsupported,5
CVD-SYN-ACT-FIX-1156,V3-48-008,SYN-A048-Q026,Q026,supported,52
CVD-SYN-ACT-FIX-1157,V3-48-009,SYN-A048-Q026,Q026,supported,4
CVD-SYN-ACT-FIX-1158,V3-48-010,SYN-A048-Q026,Q026,supported,7
CVD-SYN-ACT-FIX-1159,V3-48-011,SYN-A048-Q026,Q026,supported,2
CVD-SYN-ACT-FIX-1160,V3-48-012,SYN-A048-Q026,Q026,supported,52
CVD-SYN-ACT-FIX-1161,V3-48-013,SYN-A048-Q026,Q026,supported,7
CVD-SYN-ACT-FIX-1162,V3-48-014,SYN-A048-Q026,Q026,supported,34
CVD-SYN-ACT-FIX-1163,V3-48-015,SYN-A048-Q026,Q026,supported,2
CVD-SYN-ACT-FIX-1164,V3-48-016,SYN-A048-Q026,Q026,supported,2
CVD-SYN-ACT-FIX-1165,V3-48-017,SYN-A048-Q026,Q026,unsupported,6
CVD-SYN-ACT-FIX-1166,V3-48-018,SYN-A048-Q026,Q026,supported,2
CVD-SYN-ACT-FIX-1167,V3-48-019,SYN-A048-Q026,Q026,supported,2
CVD-SYN-ACT-FIX-1168,V3-48-020,SYN-A048-Q026,Q026,supported,2
CVD-SYN-ACT-FIX-1169,V3-48-021,SYN-A048-Q026,Q026,supported,3
CVD-SYN-ACT-FIX-1170,V3-48-022,SYN-A048-Q026,Q026,supported,4
CVD-SYN-ACT-FIX-1171,V3-48-023,SYN-A048-Q026,Q026,supported,52
CVD-SYN-ACT-FIX-1172,V3-48-024,SYN-A048-Q026,Q026,supported,52
CVD-SYN-ACT-FIX-1173,V3-48-025,SYN-A048-Q026,Q026,supported,52
CVD-SYN-ACT-FIX-1174,V3-48-026,SYN-A048-Q026,Q026,supported,52
CVD-SYN-ACT-FIX-1175,V3-48-027,SYN-A048-Q026,Q026,supported,52
CVD-SYN-ACT-FIX-1176,V3-48-028,SYN-A048-Q026,Q026,supported,52
CVD-SYN-ACT-FIX-1177,V3-49-001,SYN-A049-Q027,Q027,supported,8
CVD-SYN-ACT-FIX-1178,V3-49-002,SYN-A049-Q027,Q027,supported,2
CVD-SYN-ACT-FIX-1179,V3-49-003,SYN-A049-Q027,Q027,supported,2
CVD-SYN-ACT-FIX-1180,V3-49-004,SYN-A049-Q027,Q027,supported,1
CVD-SYN-ACT-FIX-1181,V3-49-005,SYN-A049-Q027,Q027,supported,1
CVD-SYN-ACT-FIX-1182,V3-49-006,SYN-A049-Q027,Q027,unsupported,8
CVD-SYN-ACT-FIX-1183,V3-49-007,SYN-A049-Q027,Q027,supported,8
CVD-SYN-ACT-FIX-1184,V3-49-008,SYN-A049-Q027,Q027,supported,1
CVD-SYN-ACT-FIX-1185,V3-49-009,SYN-A049-Q027,Q027,supported,1
CVD-SYN-ACT-FIX-1186,V3-49-010,SYN-A049-Q027,Q027,unsupported,8
CVD-SYN-ACT-FIX-1187,V3-49-011,SYN-A049-Q027,Q027,unsupported,2
CVD-SYN-ACT-FIX-1188,V3-49-012,SYN-A049-Q027,Q027,supported,2
CVD-SYN-ACT-FIX-1189,V3-49-013,SYN-A049-Q027,Q027,supported,8
CVD-SYN-ACT-FIX-1190,V3-49-014,SYN-A049-Q027,Q027,unsupported,2
CVD-SYN-ACT-FIX-1191,V3-49-015,SYN-A049-Q027,Q027,supported,8
CVD-SYN-ACT-FIX-1192,V3-49-016,SYN-A049-Q027,Q027,supported,1
CVD-SYN-ACT-FIX-1193,V3-49-017,SYN-A049-Q027,Q027,unsupported,3
CVD-SYN-ACT-FIX-1194,V3-49-018,SYN-A049-Q027,Q027,supported,2
CVD-SYN-ACT-FIX-1195,V3-49-019,SYN-A049-Q027,Q027,supported,2
CVD-SYN-ACT-FIX-1196,V3-49-020,SYN-A049-Q027,Q027,supported,1
CVD-SYN-ACT-FIX-1197,V3-49-021,SYN-A049-Q027,Q027,unsupported,2
CVD-SYN-ACT-FIX-1198,V3-49-022,SYN-A049-Q027,Q027,supported,3
CVD-SYN-ACT-FIX-1199,V3-49-023,SYN-A049-Q027,Q027,supported,1
CVD-SYN-ACT-FIX-1200,V3-49-024,SYN-A049-Q027,Q027,unsupported,4
CVD-SYN-ACT-FIX-1201,V3-49-025,SYN-A049-Q027,Q027,supported,8
CVD-SYN-ACT-FIX-1202,V3-49-026,SYN-A049-Q027,Q027,unsupported,3
CVD-SYN-ACT-FIX-1203,V3-49-027,SYN-A049-Q027,Q027,supported,8
